timestamp,BTCUSDT,ETHUSDT,XRPUSDT,SOLUSDT,PEPEUSDT,DOGEUSDT,SUIUSDT,UNIUSDT,AAVEUSDT
2025-01-01 00:00:00,93488.83,3339.88,2.0789,191.14,2.013e-05,0.31609,4.1398,13.21,309.66
2025-01-01 01:00:00,93576.0,3337.78,2.0836,189.31,1.996e-05,0.316,4.1226,13.243,308.82
2025-01-01 02:00:00,94401.13,3363.69,2.1106,192.54,2.061e-05,0.3212,4.196,13.387,313.8
2025-01-01 03:00:00,93607.74,3346.54,2.0944,190.7,2.043e-05,0.31842,4.1573,13.251,313.41
2025-01-01 04:00:00,94098.9,3362.61,2.1057,191.59,2.044e-05,0.32005,4.1895,13.33,314.73
2025-01-01 05:00:00,93838.04,3355.2,2.1069,190.42,2.041e-05,0.31892,4.213,13.239,312.3
2025-01-01 06:00:00,93553.91,3341.14,2.1028,189.48,2.017e-05,0.31623,4.1649,13.2,309.97
2025-01-01 07:00:00,93792.02,3345.41,2.1358,190.15,2.008e-05,0.31774,4.1736,13.205,310.66
2025-01-01 08:00:00,93757.57,3346.61,2.144,190.29,2.017e-05,0.31836,4.1834,13.244,311.44
2025-01-01 09:00:00,93684.11,3347.11,2.1246,190.06,2.008e-05,0.31681,4.1415,13.249,313.54
2025-01-01 10:00:00,93428.47,3337.0,2.1103,189.4,1.974e-05,0.31402,4.0994,13.116,309.99
2025-01-01 11:00:00,93413.07,3334.83,2.1053,189.19,1.931e-05,0.31371,4.0793,13.114,308.81
2025-01-01 12:00:00,93326.24,3326.69,2.109,190.25,1.921e-05,0.31431,4.1098,13.096,308.4
2025-01-01 13:00:00,93444.65,3341.01,2.1358,191.35,1.933e-05,0.31623,4.1382,13.214,309.89
2025-01-01 14:00:00,93820.75,3347.46,2.1679,190.94,1.937e-05,0.31774,4.17,13.329,313.65
2025-01-01 15:00:00,94031.77,3343.37,2.1653,190.24,1.939e-05,0.31801,4.1628,13.336,315.62
2025-01-01 16:00:00,94175.89,3345.86,2.174,190.88,1.926e-05,0.31812,4.1753,13.308,313.96
2025-01-01 17:00:00,94432.94,3352.93,2.2283,191.91,1.95e-05,0.32041,4.1956,13.481,319.1
2025-01-01 18:00:00,94090.5,3338.68,2.2635,190.52,1.931e-05,0.31943,4.18,13.388,315.36
2025-01-01 19:00:00,94143.84,3343.71,2.2596,190.63,1.939e-05,0.32009,4.1913,13.46,314.51
2025-01-01 20:00:00,94340.06,3348.57,2.3219,191.69,1.951e-05,0.32462,4.2559,13.55,316.51
2025-01-01 21:00:00,94627.08,3356.56,2.3172,193.1,1.959e-05,0.32494,4.2732,13.611,318.65
2025-01-01 22:00:00,94786.23,3360.41,2.3067,194.36,1.956e-05,0.32537,4.3166,13.606,320.7
2025-01-01 23:00:00,94978.48,3368.39,2.3205,194.68,1.95e-05,0.32703,4.281,13.584,321.81
2025-01-02 00:00:00,94802.99,3361.63,2.3494,194.54,1.952e-05,0.32618,4.2726,13.639,320.74
2025-01-02 01:00:00,94591.78,3360.39,2.3329,194.28,1.938e-05,0.32513,4.2848,13.629,319.84
2025-01-02 02:00:00,95128.59,3389.91,2.3887,196.25,1.947e-05,0.33387,4.3219,13.897,324.99
2025-01-02 03:00:00,94862.73,3383.93,2.4007,197.7,1.973e-05,0.3319,4.2709,13.81,322.68
2025-01-02 04:00:00,95234.37,3398.49,2.4053,199.41,1.99e-05,0.33335,4.299,13.91,324.43
2025-01-02 05:00:00,95010.34,3388.54,2.4249,198.55,1.982e-05,0.33144,4.2671,13.835,323.12
2025-01-02 06:00:00,95708.07,3417.69,2.4001,204.47,2.046e-05,0.33393,4.3162,14.03,331.04
2025-01-02 07:00:00,95596.48,3412.4,2.3725,204.63,2.009e-05,0.33168,4.3291,14.084,332.79
2025-01-02 08:00:00,95575.0,3410.37,2.3546,205.36,2.028e-05,0.33142,4.3267,14.143,330.79
2025-01-02 09:00:00,95822.01,3420.06,2.3673,205.91,2.034e-05,0.33436,4.3764,14.127,333.76
2025-01-02 10:00:00,96150.0,3437.92,2.3788,206.79,2.078e-05,0.33683,4.3668,14.201,332.72
2025-01-02 11:00:00,96755.51,3467.94,2.4005,207.38,2.062e-05,0.34001,4.4153,14.343,334.65
2025-01-02 12:00:00,96708.0,3468.81,2.3952,206.98,2.058e-05,0.34441,4.4316,14.422,336.19
2025-01-02 13:00:00,96733.0,3471.18,2.4035,208.52,2.085e-05,0.3422,4.4373,14.334,333.81
2025-01-02 14:00:00,96850.01,3480.48,2.4072,208.4,2.099e-05,0.34173,4.417,14.33,334.91
2025-01-02 15:00:00,96458.17,3465.86,2.391,208.16,2.078e-05,0.3383,4.382,14.41,333.82
2025-01-02 16:00:00,97256.48,3495.15,2.4075,208.19,2.077e-05,0.34086,4.4051,14.431,336.51
2025-01-02 17:00:00,96455.01,3463.52,2.4043,206.77,2.045e-05,0.33696,4.3876,14.31,331.24
2025-01-02 18:00:00,97229.75,3469.54,2.419,207.44,2.064e-05,0.33914,4.3811,14.409,335.52
2025-01-02 19:00:00,96757.57,3450.42,2.3959,206.04,2.034e-05,0.33748,4.3396,14.282,333.68
2025-01-02 20:00:00,97319.74,3465.23,2.4071,206.43,2.046e-05,0.3388,4.352,14.378,336.78
2025-01-02 21:00:00,97317.74,3463.18,2.3879,206.69,2.034e-05,0.33881,4.3438,14.332,335.41
2025-01-02 22:00:00,97306.46,3453.0,2.3841,206.83,2.03e-05,0.33739,4.3611,14.297,333.64
2025-01-02 23:00:00,97212.69,3454.2,2.3865,206.53,2.028e-05,0.33755,4.3595,14.307,331.86
2025-01-03 00:00:00,96911.04,3440.6,2.4056,206.6,2.03e-05,0.33832,4.3525,14.246,331.46
2025-01-03 01:00:00,96984.79,3455.68,2.4024,208.3,2.048e-05,0.33894,4.3527,14.381,333.61
2025-01-03 02:00:00,96825.83,3449.22,2.4112,207.16,2.043e-05,0.33777,4.3315,14.19,329.99
2025-01-03 03:00:00,96985.47,3464.83,2.4232,206.87,2.034e-05,0.33948,4.327,14.249,328.79
2025-01-03 04:00:00,96966.85,3457.96,2.4475,206.87,2.03e-05,0.3403,4.3268,14.279,328.12
2025-01-03 05:00:00,97062.3,3470.17,2.4681,208.05,2.033e-05,0.34183,4.3756,14.375,327.83
2025-01-03 06:00:00,96813.49,3458.39,2.4428,207.72,2.042e-05,0.339,4.3676,14.24,325.41
2025-01-03 07:00:00,96765.35,3455.98,2.4302,208.87,2.039e-05,0.33937,4.3636,14.225,324.14
2025-01-03 08:00:00,96539.49,3442.59,2.4443,207.77,2.037e-05,0.33861,4.3211,14.14,322.74
2025-01-03 09:00:00,96304.0,3433.27,2.4153,207.95,2.013e-05,0.33685,4.3004,14.074,319.1
2025-01-03 10:00:00,96129.97,3430.2,2.4133,209.35,2.023e-05,0.33742,4.2874,14.141,319.3
2025-01-03 11:00:00,96554.32,3443.63,2.4205,211.19,2.038e-05,0.34001,4.3257,14.276,324.55
2025-01-03 12:00:00,96488.53,3446.0,2.4107,211.12,2.038e-05,0.33994,4.3209,14.36,324.46
2025-01-03 13:00:00,96757.57,3465.61,2.4087,214.52,2.071e-05,0.34886,4.3616,14.499,329.67
2025-01-03 14:00:00,96666.66,3463.83,2.4041,213.39,2.071e-05,0.35091,4.3837,14.427,330.32
2025-01-03 15:00:00,96504.8,3481.86,2.4082,212.91,2.077e-05,0.36254,4.3935,14.466,334.31
2025-01-03 16:00:00,97016.0,3527.19,2.4347,218.3,2.11e-05,0.36279,4.5107,14.695,345.32
2025-01-03 17:00:00,97521.36,3565.14,2.4469,217.37,2.124e-05,0.36617,4.6845,14.929,347.23
2025-01-03 18:00:00,97868.21,3584.28,2.4596,217.7,2.148e-05,0.37255,4.6849,15.038,353.8
2025-01-03 19:00:00,98025.99,3575.47,2.442,217.38,2.145e-05,0.37554,4.7073,15.04,349.02
2025-01-03 20:00:00,98527.97,3605.59,2.4512,218.11,2.152e-05,0.37944,4.7417,15.175,351.03
2025-01-03 21:00:00,98592.02,3622.82,2.4727,217.1,2.151e-05,0.3795,4.8451,15.161,352.79
2025-01-03 22:00:00,98311.51,3600.57,2.4486,216.05,2.15e-05,0.37686,4.8201,15.089,349.78
2025-01-03 23:00:00,98272.7,3614.38,2.4534,216.34,2.156e-05,0.38655,4.8594,15.22,351.77
2025-01-04 00:00:00,98296.37,3616.19,2.4596,217.06,2.154e-05,0.38327,4.8897,15.189,351.1
2025-01-04 01:00:00,98174.17,3609.0,2.4546,218.0,2.159e-05,0.37989,4.9842,15.21,350.77
2025-01-04 02:00:00,97950.01,3602.42,2.4441,216.99,2.142e-05,0.38037,4.8871,15.052,344.66
2025-01-04 03:00:00,98040.0,3596.28,2.4731,217.39,2.135e-05,0.38051,4.858,14.967,343.22
2025-01-04 04:00:00,98304.51,3596.4,2.4839,217.48,2.125e-05,0.38318,4.9001,14.984,344.6
2025-01-04 05:00:00,98200.01,3597.98,2.4657,216.97,2.122e-05,0.39212,4.9026,15.028,342.02
2025-01-04 06:00:00,98001.0,3591.48,2.4507,216.88,2.125e-05,0.38725,4.9067,14.923,341.1
2025-01-04 07:00:00,98126.21,3596.66,2.4544,217.23,2.125e-05,0.38914,4.9089,14.967,340.95
2025-01-04 08:00:00,98127.53,3600.61,2.4555,217.63,2.127e-05,0.38808,4.9232,14.957,342.59
2025-01-04 09:00:00,98271.87,3594.05,2.4462,216.7,2.126e-05,0.38795,5.04,14.957,344.42
2025-01-04 10:00:00,97906.08,3585.01,2.433,215.71,2.093e-05,0.38403,5.0182,14.9,339.73
2025-01-04 11:00:00,97690.37,3589.55,2.4463,215.83,2.103e-05,0.38827,5.0519,14.857,342.0
2025-01-04 12:00:00,97789.32,3588.08,2.4392,215.66,2.099e-05,0.38859,5.1961,14.854,341.68
2025-01-04 13:00:00,97889.4,3602.01,2.4408,216.46,2.107e-05,0.39167,5.1712,14.962,342.21
2025-01-04 14:00:00,97888.12,3635.53,2.45,217.05,2.118e-05,0.38911,5.1883,15.217,349.7
2025-01-04 15:00:00,97973.05,3644.0,2.4541,217.02,2.121e-05,0.39377,5.2197,15.308,359.35
2025-01-04 16:00:00,98035.05,3637.0,2.4584,215.87,2.12e-05,0.3922,5.255,15.332,354.37
2025-01-04 17:00:00,97657.95,3607.81,2.4114,214.31,2.068e-05,0.37939,5.1758,15.128,348.18
2025-01-04 18:00:00,97704.6,3622.09,2.4197,214.39,2.077e-05,0.38199,5.142,15.23,353.77
2025-01-04 19:00:00,98016.26,3633.32,2.427,215.74,2.087e-05,0.38478,5.1428,15.211,353.49
2025-01-04 20:00:00,97961.56,3626.73,2.4198,215.54,2.086e-05,0.38246,5.1665,15.333,354.9
2025-01-04 21:00:00,98166.26,3631.13,2.4234,215.58,2.099e-05,0.38404,5.2144,15.314,355.95
2025-01-04 22:00:00,98599.02,3660.47,2.4348,216.43,2.122e-05,0.38712,5.2389,15.297,355.85
2025-01-04 23:00:00,98362.43,3658.12,2.4241,216.07,2.116e-05,0.39087,5.2801,15.314,354.79
2025-01-05 00:00:00,98417.25,3660.08,2.4294,217.2,2.118e-05,0.39627,5.3441,15.33,353.37
2025-01-05 01:00:00,98220.51,3656.88,2.4201,216.67,2.113e-05,0.39482,5.2902,15.279,351.66
2025-01-05 02:00:00,98213.44,3650.11,2.4085,217.05,2.116e-05,0.39229,5.2651,15.233,349.18
2025-01-05 03:00:00,98123.53,3636.79,2.3886,215.71,2.101e-05,0.39135,5.2554,15.101,344.85
2025-01-05 04:00:00,98227.49,3641.42,2.3929,217.07,2.134e-05,0.39007,5.214,15.093,348.24
2025-01-05 05:00:00,98187.97,3637.79,2.3902,217.96,2.119e-05,0.38872,5.2197,15.118,347.66
2025-01-05 06:00:00,98357.46,3644.31,2.4013,218.0,2.123e-05,0.39159,5.2247,15.212,350.72
2025-01-05 07:00:00,98358.98,3632.65,2.3953,216.41,2.107e-05,0.38951,5.2105,15.075,346.85
2025-01-05 08:00:00,98451.48,3639.09,2.4072,216.63,2.107e-05,0.39004,5.1957,15.133,349.12
2025-01-05 09:00:00,98268.77,3631.55,2.4005,216.47,2.097e-05,0.38978,5.1677,15.095,346.32
2025-01-05 10:00:00,97861.04,3620.0,2.3822,215.16,2.075e-05,0.38626,5.1583,15.021,345.11
2025-01-05 11:00:00,97652.21,3609.49,2.3493,213.19,2.062e-05,0.38294,5.1499,14.908,343.55
2025-01-05 12:00:00,97737.48,3615.61,2.3416,214.09,2.067e-05,0.38331,5.1941,15.005,344.94
2025-01-05 13:00:00,97641.62,3613.46,2.3527,213.94,2.071e-05,0.38226,5.1951,15.052,344.88
2025-01-05 14:00:00,97770.01,3614.13,2.3589,213.61,2.064e-05,0.38124,5.1654,15.036,344.35
2025-01-05 15:00:00,97689.96,3614.67,2.3665,212.59,2.063e-05,0.3792,5.1864,14.945,343.01
2025-01-05 16:00:00,97855.06,3623.12,2.3752,213.28,2.061e-05,0.38186,5.2358,15.063,343.8
2025-01-05 17:00:00,98028.98,3629.6,2.3684,213.58,2.066e-05,0.38364,5.226,15.039,342.26
2025-01-05 18:00:00,98035.17,3628.02,2.3667,212.48,2.057e-05,0.38268,5.2089,15.144,343.86
2025-01-05 19:00:00,97731.09,3627.81,2.3795,212.65,2.042e-05,0.38099,5.2061,15.066,341.05
2025-01-05 20:00:00,97918.91,3630.75,2.4031,212.47,2.052e-05,0.38206,5.1954,15.143,341.83
2025-01-05 21:00:00,98079.64,3637.78,2.3836,212.79,2.055e-05,0.38212,5.2258,15.191,341.85
2025-01-05 22:00:00,98275.71,3635.77,2.3976,213.0,2.056e-05,0.3813,5.2336,15.186,340.7
2025-01-05 23:00:00,98496.52,3645.65,2.3919,213.85,2.069e-05,0.38236,5.2342,15.233,341.95
2025-01-06 00:00:00,98695.21,3645.32,2.403,214.23,2.075e-05,0.38352,5.2614,15.259,343.1
2025-01-06 01:00:00,98363.61,3636.0,2.3993,213.41,2.071e-05,0.38231,5.2444,15.163,341.8
2025-01-06 02:00:00,98217.23,3621.74,2.3895,212.17,2.04e-05,0.37886,5.1794,15.129,337.31
2025-01-06 03:00:00,98759.42,3648.83,2.419,214.67,2.068e-05,0.38297,5.1985,15.121,341.25
2025-01-06 04:00:00,98815.39,3658.45,2.4049,215.61,2.081e-05,0.38514,5.2526,15.477,343.36
2025-01-06 05:00:00,99037.57,3664.92,2.4121,215.61,2.086e-05,0.38595,5.2329,15.393,346.06
2025-01-06 06:00:00,99466.09,3672.67,2.4162,215.84,2.086e-05,0.38778,5.2214,15.5,347.28
2025-01-06 07:00:00,99600.0,3680.61,2.4044,215.57,2.095e-05,0.38678,5.196,15.493,347.06
2025-01-06 08:00:00,99512.21,3666.22,2.4121,214.93,2.082e-05,0.38417,5.1811,15.34,342.81
2025-01-06 09:00:00,99318.7,3650.75,2.3926,215.22,2.063e-05,0.38321,5.1753,15.179,340.17
2025-01-06 10:00:00,99043.49,3640.89,2.3796,214.03,2.047e-05,0.38263,5.1626,15.055,337.55
2025-01-06 11:00:00,99000.0,3644.75,2.3858,214.41,2.054e-05,0.38564,5.1508,15.01,338.74
2025-01-06 12:00:00,98767.96,3637.88,2.3868,215.02,2.057e-05,0.38529,5.164,15.004,338.68
2025-01-06 13:00:00,99259.99,3654.51,2.3958,216.26,2.075e-05,0.38677,5.191,15.043,343.09
2025-01-06 14:00:00,99157.12,3642.52,2.392,216.81,2.066e-05,0.385,5.1972,14.931,342.48
2025-01-06 15:00:00,99492.5,3651.03,2.399,218.7,2.082e-05,0.38609,5.2169,15.049,343.43
2025-01-06 16:00:00,100737.03,3685.48,2.4287,221.05,2.1e-05,0.39048,5.2738,15.241,345.15
2025-01-06 17:00:00,102147.95,3714.45,2.4364,221.62,2.115e-05,0.3896,5.2654,15.319,348.99
2025-01-06 18:00:00,102158.67,3710.18,2.4442,220.84,2.113e-05,0.38989,5.2653,15.319,348.62
2025-01-06 19:00:00,101831.95,3673.86,2.4165,218.73,2.091e-05,0.38772,5.2231,15.004,342.37
2025-01-06 20:00:00,101738.81,3682.23,2.4262,218.84,2.091e-05,0.38901,5.18,15.134,344.13
2025-01-06 21:00:00,101817.22,3687.44,2.4249,220.0,2.098e-05,0.389,5.203,15.153,346.14
2025-01-06 22:00:00,102126.9,3683.41,2.4196,218.53,2.089e-05,0.38863,5.1663,15.118,343.48
2025-01-06 23:00:00,101611.92,3667.17,2.413,217.86,2.062e-05,0.3866,5.0958,15.047,340.35
2025-01-07 00:00:00,102011.98,3678.52,2.4214,218.54,2.073e-05,0.38779,5.0677,15.031,339.9
2025-01-07 01:00:00,102235.6,3687.44,2.42,218.22,2.078e-05,0.38782,5.09,15.076,341.52
2025-01-07 02:00:00,102042.47,3675.14,2.407,217.78,2.059e-05,0.38869,5.0745,14.979,338.41
2025-01-07 03:00:00,101915.66,3694.55,2.4144,218.11,2.07e-05,0.39581,5.0881,15.086,342.18
2025-01-07 04:00:00,101677.66,3678.07,2.3944,216.59,2.045e-05,0.3913,5.0651,14.923,337.87
2025-01-07 05:00:00,101708.09,3682.25,2.4047,217.35,2.053e-05,0.39181,5.0754,15.0,339.29
2025-01-07 06:00:00,101667.02,3673.51,2.4063,216.17,2.048e-05,0.39087,5.0597,14.917,337.44
2025-01-07 07:00:00,101743.47,3669.37,2.431,216.5,2.049e-05,0.39047,5.0772,14.891,338.92
2025-01-07 08:00:00,101820.53,3672.61,2.4463,216.35,2.058e-05,0.39058,5.0763,14.965,339.3
2025-01-07 09:00:00,101664.81,3667.78,2.4276,216.04,2.051e-05,0.39169,5.0656,14.898,337.57
2025-01-07 10:00:00,101905.08,3674.63,2.4416,216.61,2.068e-05,0.3964,5.125,14.977,337.32
2025-01-07 11:00:00,101723.18,3661.08,2.4477,215.1,2.056e-05,0.39358,5.1255,14.913,335.09
2025-01-07 12:00:00,101406.78,3657.6,2.4565,214.87,2.051e-05,0.39148,5.1372,14.915,334.44
2025-01-07 13:00:00,100830.86,3639.28,2.422,214.07,2.028e-05,0.38512,5.1343,14.785,333.3
2025-01-07 14:00:00,100750.88,3633.42,2.4139,213.49,2.028e-05,0.38607,5.0995,14.805,332.65
2025-01-07 15:00:00,100636.8,3636.0,2.4257,213.84,2.035e-05,0.38656,5.0755,14.847,332.58
2025-01-07 16:00:00,99979.69,3568.75,2.3942,211.63,1.993e-05,0.38017,4.9933,14.611,326.26
2025-01-07 17:00:00,97952.26,3462.65,2.3139,207.76,1.913e-05,0.36399,4.893,14.089,315.91
2025-01-07 18:00:00,97733.58,3458.07,2.3123,207.56,1.901e-05,0.36651,4.908,14.116,314.82
2025-01-07 19:00:00,97277.32,3442.56,2.3015,206.43,1.89e-05,0.36309,4.8319,13.951,312.75
2025-01-07 20:00:00,96750.86,3421.82,2.2949,205.07,1.878e-05,0.35566,4.8343,13.779,310.38
2025-01-07 21:00:00,96451.99,3385.68,2.2826,204.56,1.865e-05,0.35398,4.8877,13.646,308.35
2025-01-07 22:00:00,96533.34,3396.61,2.2771,204.35,1.875e-05,0.35236,4.924,13.662,309.26
2025-01-07 23:00:00,96501.23,3363.31,2.2698,202.13,1.852e-05,0.34843,4.81,13.545,306.72
2025-01-08 00:00:00,97163.99,3396.7,2.2963,203.7,1.871e-05,0.35238,4.8358,13.681,309.45
2025-01-08 01:00:00,96954.6,3381.31,2.2712,202.17,1.859e-05,0.348,4.7852,13.532,306.89
2025-01-08 02:00:00,97268.49,3411.71,2.3316,202.61,1.889e-05,0.3536,4.8407,13.82,311.31
2025-01-08 03:00:00,96907.16,3391.32,2.3463,201.26,1.866e-05,0.34986,4.7795,13.653,308.2
2025-01-08 04:00:00,96878.14,3382.9,2.3355,200.11,1.849e-05,0.3491,4.7579,13.622,305.83
2025-01-08 05:00:00,96525.2,3360.31,2.3198,198.68,1.852e-05,0.35441,4.6985,13.484,302.42
2025-01-08 06:00:00,96274.8,3348.12,2.3098,196.97,1.837e-05,0.3498,4.6881,13.348,300.92
2025-01-08 07:00:00,96492.01,3351.41,2.2973,196.1,1.828e-05,0.34898,4.6646,13.363,299.56
2025-01-08 08:00:00,95284.31,3308.77,2.2614,193.45,1.788e-05,0.34086,4.5503,13.016,291.98
2025-01-08 09:00:00,95657.09,3354.59,2.2863,195.71,1.826e-05,0.34443,4.5821,13.285,298.58
2025-01-08 10:00:00,95946.0,3366.13,2.3246,197.35,1.839e-05,0.34974,4.61,13.369,299.7
2025-01-08 11:00:00,95432.83,3347.48,2.3069,195.97,1.817e-05,0.3458,4.5584,13.276,296.77
2025-01-08 12:00:00,95961.03,3362.45,2.3297,197.21,1.826e-05,0.34922,4.5932,13.37,298.92
2025-01-08 13:00:00,95134.92,3349.78,2.3263,195.51,1.804e-05,0.34671,4.5472,13.295,295.73
2025-01-08 14:00:00,94888.01,3339.61,2.3127,195.07,1.792e-05,0.34178,4.5275,13.191,293.84
2025-01-08 15:00:00,95384.01,3358.25,2.3138,197.14,1.808e-05,0.3464,4.5417,13.257,294.11
2025-01-08 16:00:00,95288.0,3369.54,2.3168,197.72,1.824e-05,0.34827,4.6282,13.324,296.52
2025-01-08 17:00:00,95493.77,3346.72,2.309,197.8,1.814e-05,0.34639,4.6143,13.244,293.74
2025-01-08 18:00:00,94787.87,3314.03,2.2747,194.68,1.777e-05,0.33866,4.5009,12.99,288.19
2025-01-08 19:00:00,94030.81,3263.06,2.2814,193.21,1.757e-05,0.33418,4.5972,12.863,285.05
2025-01-08 20:00:00,94242.62,3282.84,2.3025,193.95,1.77e-05,0.33615,4.6589,12.952,285.98
2025-01-08 21:00:00,94243.89,3280.68,2.3156,194.31,1.762e-05,0.33565,4.6447,12.921,292.53
2025-01-08 22:00:00,93982.01,3285.68,2.3232,195.76,1.76e-05,0.33625,4.6339,12.909,289.38
2025-01-08 23:00:00,94468.97,3299.35,2.3393,195.03,1.763e-05,0.3364,4.6851,12.934,289.86
2025-01-09 00:00:00,95290.93,3333.13,2.3886,197.83,1.786e-05,0.344,4.9045,13.138,295.01
2025-01-09 01:00:00,95060.61,3327.29,2.373,197.48,1.782e-05,0.3423,4.896,13.117,293.3
2025-01-09 02:00:00,95135.3,3342.2,2.376,197.9,1.8e-05,0.34407,4.8551,13.247,296.4
2025-01-09 03:00:00,94983.82,3345.96,2.3729,197.79,1.795e-05,0.34263,4.8391,13.244,297.46
2025-01-09 04:00:00,94777.0,3341.19,2.3611,197.13,1.796e-05,0.34183,4.8289,13.205,296.49
2025-01-09 05:00:00,94027.91,3324.71,2.3484,194.35,1.795e-05,0.33823,4.7737,13.067,291.21
2025-01-09 06:00:00,94424.24,3340.3,2.3625,195.38,1.797e-05,0.34021,4.7987,13.116,291.96
2025-01-09 07:00:00,94472.59,3328.86,2.349,194.29,1.783e-05,0.33859,4.7824,13.063,289.48
2025-01-09 08:00:00,94095.04,3316.21,2.3307,193.4,1.771e-05,0.33681,4.6825,12.975,287.23
2025-01-09 09:00:00,93221.59,3288.71,2.3127,190.11,1.734e-05,0.33175,4.6356,12.772,282.93
2025-01-09 10:00:00,93030.88,3309.92,2.3181,191.15,1.764e-05,0.33348,4.6336,12.894,286.2
2025-01-09 11:00:00,93516.63,3318.11,2.3182,191.67,1.766e-05,0.33393,4.6367,12.871,286.32
2025-01-09 12:00:00,93462.43,3311.57,2.3014,191.42,1.759e-05,0.33032,4.5989,12.824,285.63
2025-01-09 13:00:00,93465.23,3301.41,2.3039,191.17,1.76e-05,0.3302,4.6124,12.836,284.38
2025-01-09 14:00:00,93421.94,3296.21,2.2974,190.34,1.752e-05,0.32907,4.6011,12.844,283.52
2025-01-09 15:00:00,91986.41,3221.04,2.236,185.49,1.676e-05,0.31891,4.5204,12.459,275.47
2025-01-09 16:00:00,92863.81,3251.3,2.2741,188.78,1.714e-05,0.3222,4.6112,12.498,277.11
2025-01-09 17:00:00,94244.02,3320.57,2.3205,192.22,1.774e-05,0.33312,4.767,12.902,288.04
2025-01-09 18:00:00,94250.96,3302.75,2.3215,191.85,1.773e-05,0.33032,4.8638,12.83,291.14
2025-01-09 19:00:00,92693.11,3250.46,2.2905,187.3,1.726e-05,0.32059,4.7357,12.635,282.75
2025-01-09 20:00:00,93020.1,3260.17,2.3108,188.46,1.737e-05,0.32288,4.7553,12.808,284.03
2025-01-09 21:00:00,91909.59,3195.63,2.2793,185.9,1.691e-05,0.31684,4.6746,12.591,277.49
2025-01-09 22:00:00,91903.21,3195.55,2.2788,185.14,1.688e-05,0.31773,4.6876,12.555,278.1
2025-01-09 23:00:00,92108.84,3207.43,2.2648,184.78,1.672e-05,0.31757,4.697,12.69,278.67
2025-01-10 00:00:00,92456.32,3224.23,2.2909,185.93,1.705e-05,0.32142,4.7518,12.849,282.05
2025-01-10 01:00:00,92552.49,3219.2,2.2722,184.96,1.701e-05,0.32099,4.7506,12.869,281.12
2025-01-10 02:00:00,92775.85,3222.98,2.2726,186.41,1.718e-05,0.3235,4.771,13.049,283.3
2025-01-10 03:00:00,93102.52,3237.29,2.2841,187.55,1.722e-05,0.32421,4.8185,13.17,284.77
2025-01-10 04:00:00,93364.36,3241.48,2.2777,188.3,1.723e-05,0.32587,4.8148,13.289,286.61
2025-01-10 05:00:00,93696.13,3254.36,2.2882,189.14,1.728e-05,0.32768,4.8538,13.375,288.28
2025-01-10 06:00:00,93837.69,3254.21,2.2884,189.04,1.725e-05,0.32739,4.8681,13.328,286.09
2025-01-10 07:00:00,93956.83,3264.19,2.2998,189.9,1.743e-05,0.32931,4.8991,13.294,291.74
2025-01-10 08:00:00,94252.83,3278.38,2.3006,191.08,1.759e-05,0.33314,5.0896,13.407,294.99
2025-01-10 09:00:00,94492.62,3296.29,2.3102,191.77,1.774e-05,0.33558,5.1057,13.392,297.44
2025-01-10 10:00:00,94680.0,3296.31,2.3106,192.05,1.771e-05,0.33632,5.0993,13.304,294.45
2025-01-10 11:00:00,94793.07,3302.45,2.3132,192.0,1.779e-05,0.3362,5.0826,13.35,293.1
2025-01-10 12:00:00,95215.73,3318.53,2.3206,192.64,1.785e-05,0.33783,5.0959,13.415,292.83
2025-01-10 13:00:00,95073.95,3311.64,2.3095,191.98,1.785e-05,0.33615,5.0785,13.309,290.97
2025-01-10 14:00:00,95023.44,3310.73,2.3092,191.85,1.783e-05,0.33546,5.0141,13.264,290.75
2025-01-10 15:00:00,93557.23,3244.23,2.2781,186.5,1.732e-05,0.32646,4.8947,13.017,282.26
2025-01-10 16:00:00,94115.62,3257.0,2.2941,187.58,1.739e-05,0.32876,4.9671,13.111,282.83
2025-01-10 17:00:00,93730.93,3245.15,2.2889,187.28,1.737e-05,0.32839,4.979,13.122,281.53
2025-01-10 18:00:00,93645.06,3247.48,2.2759,184.72,1.719e-05,0.32605,4.9277,13.204,279.94
2025-01-10 19:00:00,95793.04,3315.06,2.3499,191.6,1.783e-05,0.33799,5.1912,13.687,289.98
2025-01-10 20:00:00,94861.62,3286.67,2.3354,190.01,1.766e-05,0.33374,5.1671,13.868,285.26
2025-01-10 21:00:00,95327.07,3295.65,2.3584,190.22,1.769e-05,0.33518,5.2061,13.872,287.29
2025-01-10 22:00:00,94669.06,3259.57,2.3566,187.43,1.759e-05,0.33318,5.1799,13.806,285.54
2025-01-10 23:00:00,94613.26,3264.85,2.3393,187.75,1.754e-05,0.33247,5.178,13.934,285.27
2025-01-11 00:00:00,94767.69,3273.61,2.3427,188.1,1.769e-05,0.33448,5.1862,14.079,287.22
2025-01-11 01:00:00,94726.1,3267.05,2.3414,187.69,1.764e-05,0.33388,5.1229,13.942,285.78
2025-01-11 02:00:00,94600.7,3265.55,2.3604,188.24,1.767e-05,0.33439,5.1174,13.904,283.87
2025-01-11 03:00:00,94424.26,3245.65,2.3553,186.39,1.764e-05,0.33332,5.0983,13.691,282.64
2025-01-11 04:00:00,94424.24,3247.96,2.3474,186.72,1.77e-05,0.33387,5.0759,13.709,282.91
2025-01-11 05:00:00,94206.96,3236.8,2.3314,186.37,1.759e-05,0.33205,5.0759,13.591,281.25
2025-01-11 06:00:00,94063.29,3239.08,2.3336,185.77,1.759e-05,0.33093,5.0553,13.61,281.44
2025-01-11 07:00:00,94366.7,3246.0,2.3322,186.22,1.774e-05,0.33275,5.0205,13.666,283.52
2025-01-11 08:00:00,94216.26,3238.06,2.3382,186.12,1.77e-05,0.33176,5.0219,13.584,282.16
2025-01-11 09:00:00,94246.36,3235.72,2.3439,186.24,1.774e-05,0.33185,4.996,13.52,282.42
2025-01-11 10:00:00,94074.8,3224.64,2.3403,185.58,1.766e-05,0.33144,4.9681,13.514,280.79
2025-01-11 11:00:00,94329.46,3244.0,2.356,185.08,1.783e-05,0.33414,4.9903,13.642,282.74
2025-01-11 12:00:00,94488.87,3256.09,2.3866,185.15,1.795e-05,0.33641,5.0185,13.66,285.71
2025-01-11 13:00:00,94625.66,3273.81,2.4194,186.69,1.804e-05,0.33775,5.0041,13.792,287.77
2025-01-11 14:00:00,94550.0,3272.6,2.406,186.92,1.807e-05,0.33708,5.0336,13.76,285.92
2025-01-11 15:00:00,94400.01,3267.62,2.3941,186.55,1.794e-05,0.33534,5.0095,13.705,284.41
2025-01-11 16:00:00,94620.0,3278.52,2.4021,187.9,1.807e-05,0.33671,4.9973,13.712,287.27
2025-01-11 17:00:00,94410.26,3271.33,2.4075,186.96,1.79e-05,0.33478,4.9473,13.658,286.97
2025-01-11 18:00:00,94448.14,3275.0,2.4747,187.22,1.792e-05,0.33623,4.9935,13.687,287.56
2025-01-11 19:00:00,94151.51,3271.78,2.4822,186.63,1.784e-05,0.33522,4.9419,13.634,285.25
2025-01-11 20:00:00,94275.79,3278.37,2.49,187.64,1.782e-05,0.33641,4.9326,13.689,285.56
2025-01-11 21:00:00,94249.27,3278.46,2.5301,187.74,1.783e-05,0.33842,4.9188,13.745,285.83
2025-01-11 22:00:00,94586.12,3299.54,2.5927,190.4,1.808e-05,0.34336,5.0437,13.794,291.12
2025-01-11 23:00:00,94940.75,3307.1,2.574,191.01,1.837e-05,0.34793,5.0189,13.844,291.84
2025-01-12 00:00:00,94593.8,3288.68,2.5483,188.32,1.808e-05,0.34114,4.9924,13.689,288.16
2025-01-12 01:00:00,94599.99,3282.83,2.5764,188.09,1.802e-05,0.3412,4.9699,13.648,287.3
2025-01-12 02:00:00,94452.08,3283.38,2.521,187.36,1.792e-05,0.33864,4.9357,13.705,286.98
2025-01-12 03:00:00,94580.0,3289.08,2.5305,187.59,1.794e-05,0.34091,4.9326,13.787,288.03
2025-01-12 04:00:00,94625.25,3289.78,2.544,188.38,1.795e-05,0.34065,4.9154,13.781,289.3
2025-01-12 05:00:00,94622.4,3286.0,2.5418,187.31,1.788e-05,0.34082,4.8914,13.843,288.28
2025-01-12 06:00:00,94587.99,3283.5,2.552,186.81,1.788e-05,0.34213,4.897,13.83,290.83
2025-01-12 07:00:00,94571.43,3279.81,2.5467,186.68,1.788e-05,0.34141,4.872,13.756,289.56
2025-01-12 08:00:00,94381.78,3270.33,2.5231,185.92,1.773e-05,0.33938,4.8399,13.699,288.0
2025-01-12 09:00:00,94323.85,3266.87,2.5421,186.57,1.779e-05,0.34007,4.8449,13.716,290.08
2025-01-12 10:00:00,94170.01,3239.98,2.524,185.97,1.752e-05,0.33687,4.8237,13.655,289.86
2025-01-12 11:00:00,93906.21,3238.67,2.4954,185.83,1.755e-05,0.33566,4.8026,13.598,286.22
2025-01-12 12:00:00,94015.17,3244.63,2.4851,186.13,1.76e-05,0.33578,4.8164,13.652,289.84
2025-01-12 13:00:00,94255.1,3253.03,2.4946,186.68,1.764e-05,0.33619,4.8106,13.703,291.1
2025-01-12 14:00:00,94328.21,3250.6,2.5083,187.02,1.767e-05,0.33619,4.7967,13.61,289.42
2025-01-12 15:00:00,94663.77,3267.09,2.5081,188.05,1.774e-05,0.33776,4.8178,13.743,295.04
2025-01-12 16:00:00,94811.0,3269.09,2.5022,188.42,1.781e-05,0.3383,4.7938,13.757,292.89
2025-01-12 17:00:00,95071.91,3285.68,2.523,190.45,1.795e-05,0.34045,4.8438,13.77,292.98
2025-01-12 18:00:00,95046.76,3281.67,2.53,189.99,1.798e-05,0.34026,4.8176,13.846,293.16
2025-01-12 19:00:00,95139.46,3288.57,2.5417,189.9,1.796e-05,0.34061,4.8129,13.822,292.98
2025-01-12 20:00:00,94992.65,3285.15,2.5438,189.58,1.793e-05,0.339,4.7704,13.818,291.93
2025-01-12 21:00:00,94650.26,3280.11,2.5488,188.9,1.793e-05,0.33962,4.7643,13.789,291.67
2025-01-12 22:00:00,94687.69,3281.66,2.5412,189.34,1.791e-05,0.33843,4.7639,13.787,290.47
2025-01-12 23:00:00,94352.7,3266.27,2.5192,188.44,1.781e-05,0.33558,4.7392,13.667,288.21
2025-01-13 00:00:00,93962.91,3240.62,2.4963,186.99,1.76e-05,0.33362,4.7065,13.537,286.57
2025-01-13 01:00:00,94545.07,3267.3,2.5045,188.5,1.775e-05,0.33591,4.7328,13.632,287.99
2025-01-13 02:00:00,95325.43,3308.55,2.5464,190.63,1.809e-05,0.34146,4.7818,13.785,292.08
2025-01-13 03:00:00,94218.01,3261.47,2.5297,187.42,1.769e-05,0.33587,4.6779,13.563,285.29
2025-01-13 04:00:00,94217.43,3255.96,2.5161,185.76,1.74e-05,0.33359,4.6922,13.3,281.22
2025-01-13 05:00:00,94269.23,3242.73,2.5051,185.02,1.727e-05,0.33216,4.6211,13.221,278.55
2025-01-13 06:00:00,94503.34,3239.01,2.5233,185.37,1.731e-05,0.33297,4.624,13.305,280.77
2025-01-13 07:00:00,94181.37,3225.82,2.5106,183.9,1.714e-05,0.32966,4.5464,13.176,276.98
2025-01-13 08:00:00,93637.38,3191.37,2.4575,182.08,1.691e-05,0.32691,4.4788,13.012,272.38
2025-01-13 09:00:00,93590.24,3201.66,2.4622,182.46,1.705e-05,0.32843,4.5225,13.124,273.87
2025-01-13 10:00:00,93039.11,3169.36,2.438,180.57,1.68e-05,0.32531,4.4554,12.98,269.35
2025-01-13 11:00:00,92846.79,3155.81,2.4442,179.98,1.674e-05,0.32419,4.4571,12.844,267.77
2025-01-13 12:00:00,91644.96,3118.61,2.4253,178.4,1.646e-05,0.32026,4.4334,12.621,262.39
2025-01-13 13:00:00,90851.23,3057.15,2.3388,175.41,1.601e-05,0.31529,4.3128,12.283,256.62
2025-01-13 14:00:00,90732.0,3046.97,2.3776,175.21,1.614e-05,0.3169,4.3483,12.374,262.3
2025-01-13 15:00:00,91131.41,3060.05,2.3798,175.89,1.627e-05,0.31894,4.3703,12.469,265.28
2025-01-13 16:00:00,91833.03,3034.4,2.4312,175.48,1.627e-05,0.32203,4.4699,12.515,270.98
2025-01-13 17:00:00,92123.75,3049.01,2.4664,178.81,1.647e-05,0.32463,4.5192,12.583,273.85
2025-01-13 18:00:00,91343.21,3009.91,2.4529,176.27,1.616e-05,0.32111,4.4608,12.31,268.79
2025-01-13 19:00:00,91983.96,3020.79,2.4459,176.37,1.608e-05,0.321,4.4797,12.274,267.9
2025-01-13 20:00:00,92077.65,3007.61,2.4504,175.98,1.597e-05,0.32198,4.4731,12.256,265.88
2025-01-13 21:00:00,92312.18,3025.06,2.4633,177.6,1.616e-05,0.3253,4.5017,12.379,268.19
2025-01-13 22:00:00,93575.53,3091.36,2.5089,181.59,1.664e-05,0.33361,4.6292,12.771,279.3
2025-01-13 23:00:00,94193.49,3114.39,2.5318,181.9,1.68e-05,0.33582,4.6284,12.839,288.19
2025-01-14 00:00:00,94399.99,3131.97,2.5307,183.1,1.694e-05,0.33758,4.749,12.929,295.82
2025-01-14 01:00:00,94536.11,3137.51,2.5232,182.86,1.685e-05,0.33808,4.7488,12.893,289.62
2025-01-14 02:00:00,94470.76,3134.31,2.5441,182.38,1.684e-05,0.34036,4.6367,12.83,286.01
2025-01-14 03:00:00,94834.5,3139.51,2.5373,182.62,1.694e-05,0.34109,4.6634,12.902,289.68
2025-01-14 04:00:00,94882.65,3157.36,2.533,183.39,1.701e-05,0.34227,4.6777,13.007,294.74
2025-01-14 05:00:00,94861.39,3158.87,2.5334,184.2,1.704e-05,0.34368,4.6381,13.02,291.24
2025-01-14 06:00:00,95119.18,3172.96,2.5391,185.87,1.719e-05,0.34366,4.6874,13.108,292.48
2025-01-14 07:00:00,94916.08,3162.0,2.5264,185.2,1.712e-05,0.34227,4.5833,13.023,287.4
2025-01-14 08:00:00,95031.93,3183.91,2.5316,186.3,1.722e-05,0.3445,4.5973,13.091,288.45
2025-01-14 09:00:00,94863.99,3171.53,2.5158,185.61,1.714e-05,0.34275,4.5537,12.954,285.73
2025-01-14 10:00:00,95488.51,3183.78,2.5407,186.87,1.716e-05,0.34429,4.6097,13.052,290.42
2025-01-14 11:00:00,97159.43,3243.9,2.5777,189.45,1.756e-05,0.35428,4.724,13.372,298.0
2025-01-14 12:00:00,96686.09,3235.31,2.5905,187.74,1.741e-05,0.35188,4.6539,13.258,295.24
2025-01-14 13:00:00,96548.04,3217.61,2.5753,187.05,1.731e-05,0.34897,4.5846,13.169,290.66
2025-01-14 14:00:00,95988.01,3183.33,2.5531,186.04,1.717e-05,0.34677,4.5539,13.095,288.78
2025-01-14 15:00:00,96336.0,3208.71,2.5657,188.05,1.734e-05,0.35017,4.6358,13.228,292.58
2025-01-14 16:00:00,96293.61,3191.56,2.5723,187.21,1.733e-05,0.35081,4.6403,13.256,292.13
2025-01-14 17:00:00,96471.65,3199.45,2.5794,186.85,1.733e-05,0.35299,4.6249,13.211,291.15
2025-01-14 18:00:00,95745.42,3191.12,2.6154,186.48,1.736e-05,0.35069,4.5853,13.207,289.47
2025-01-14 19:00:00,96527.96,3212.6,2.6561,186.63,1.738e-05,0.35677,4.58,13.289,291.46
2025-01-14 20:00:00,96777.79,3225.0,2.6829,186.63,1.743e-05,0.35933,4.596,13.298,292.41
2025-01-14 21:00:00,96537.23,3214.37,2.6637,187.08,1.737e-05,0.35446,4.61,13.29,292.83
2025-01-14 22:00:00,96505.98,3222.45,2.6484,187.17,1.741e-05,0.3565,4.5776,13.315,292.89
2025-01-14 23:00:00,96486.1,3216.04,2.6704,187.26,1.741e-05,0.35693,4.5824,13.312,293.96
2025-01-15 00:00:00,96691.91,3235.41,2.6682,188.69,1.755e-05,0.35813,4.6295,13.394,299.99
2025-01-15 01:00:00,96560.85,3225.63,2.6673,187.57,1.747e-05,0.35591,4.5855,13.314,295.48
2025-01-15 02:00:00,96889.36,3221.79,2.6772,187.44,1.746e-05,0.35912,4.5501,13.257,292.85
2025-01-15 03:00:00,97349.61,3230.34,2.793,188.15,1.748e-05,0.36049,4.5395,13.294,295.4
2025-01-15 04:00:00,96824.06,3213.1,2.8481,187.31,1.73e-05,0.36075,4.507,13.159,293.08
2025-01-15 05:00:00,97317.12,3240.8,2.8316,189.73,1.741e-05,0.36316,4.5557,13.286,295.68
2025-01-15 06:00:00,97189.71,3226.4,2.8034,189.73,1.737e-05,0.3619,4.582,13.191,294.66
2025-01-15 07:00:00,97029.97,3230.31,2.8464,189.63,1.738e-05,0.36094,4.5479,13.274,294.03
2025-01-15 08:00:00,97105.48,3230.29,2.8444,189.36,1.738e-05,0.36066,4.5452,13.289,293.59
2025-01-15 09:00:00,97301.35,3233.3,2.8596,189.99,1.741e-05,0.36101,4.5738,13.339,294.68
2025-01-15 10:00:00,97202.27,3232.64,2.8463,189.21,1.736e-05,0.35975,4.56,13.299,292.78
2025-01-15 11:00:00,96816.47,3199.52,2.8043,186.65,1.7e-05,0.35312,4.4652,13.069,287.95
2025-01-15 12:00:00,96933.59,3209.51,2.8175,187.56,1.712e-05,0.35424,4.4847,13.136,289.41
2025-01-15 13:00:00,96762.19,3199.61,2.7612,186.98,1.705e-05,0.352,4.4772,13.066,288.12
2025-01-15 14:00:00,96942.92,3202.63,2.7656,186.39,1.704e-05,0.35138,4.4741,13.025,287.3
2025-01-15 15:00:00,98963.99,3298.93,2.8607,195.72,1.79e-05,0.36748,4.7862,13.705,306.04
2025-01-15 16:00:00,99434.8,3329.49,2.8652,195.73,1.828e-05,0.36767,4.8006,14.138,313.8
2025-01-15 17:00:00,98992.42,3334.47,2.9703,196.52,1.816e-05,0.37109,4.7605,14.212,314.57
2025-01-15 18:00:00,98995.58,3339.49,2.8999,198.08,1.828e-05,0.37228,4.7536,14.406,313.67
2025-01-15 19:00:00,98645.65,3325.82,2.8968,197.72,1.805e-05,0.36855,4.6577,14.202,311.8
2025-01-15 20:00:00,99446.15,3372.32,2.9486,201.29,1.842e-05,0.37449,4.7285,14.553,318.43
2025-01-15 21:00:00,99844.91,3434.99,2.946,201.9,1.863e-05,0.37713,4.729,14.59,322.33
2025-01-15 22:00:00,99566.34,3434.04,2.9694,202.75,1.862e-05,0.3751,4.7243,14.472,317.89
2025-01-15 23:00:00,99671.99,3432.4,3.0471,202.83,1.866e-05,0.3769,4.7959,14.422,317.5
2025-01-16 00:00:00,99713.45,3430.79,3.0821,204.5,1.898e-05,0.38047,4.8691,14.498,318.81
2025-01-16 01:00:00,100497.35,3451.51,3.143,205.86,1.907e-05,0.38537,4.836,14.544,319.99
2025-01-16 02:00:00,99869.26,3398.82,3.0016,204.57,1.858e-05,0.3765,4.7135,14.281,314.33
2025-01-16 03:00:00,100082.35,3403.37,3.0738,204.09,1.873e-05,0.37929,4.7302,14.389,317.3
2025-01-16 04:00:00,99637.78,3384.83,3.0398,202.92,1.856e-05,0.37719,4.7147,14.387,314.71
2025-01-16 05:00:00,99478.04,3363.38,3.0398,201.98,1.837e-05,0.37581,4.6828,14.272,310.87
2025-01-16 06:00:00,99610.0,3375.04,3.0751,201.84,1.848e-05,0.37766,4.6895,14.329,311.68
2025-01-16 07:00:00,99382.11,3368.4,3.0538,203.02,1.85e-05,0.37617,4.6465,14.279,311.78
2025-01-16 08:00:00,99801.22,3380.78,3.1222,203.02,1.864e-05,0.38072,4.6781,14.369,313.49
2025-01-16 09:00:00,99800.0,3384.3,3.0908,203.15,1.862e-05,0.37974,4.6704,14.36,312.83
2025-01-16 10:00:00,98955.81,3316.21,3.0778,199.7,1.821e-05,0.37028,4.6055,14.081,307.07
2025-01-16 11:00:00,99152.93,3336.22,3.0743,201.27,1.834e-05,0.3743,4.6184,14.143,308.86
2025-01-16 12:00:00,99214.26,3334.06,3.1109,200.42,1.835e-05,0.37491,4.621,14.167,310.57
2025-01-16 13:00:00,99158.7,3351.26,3.1968,212.77,1.859e-05,0.37761,4.6736,14.316,313.13
2025-01-16 14:00:00,99392.09,3357.5,3.3385,215.15,1.883e-05,0.38507,4.7399,14.548,319.61
2025-01-16 15:00:00,99084.05,3328.62,3.2966,209.87,1.841e-05,0.37837,4.6911,14.352,315.22
2025-01-16 16:00:00,97618.88,3277.14,3.2189,207.72,1.808e-05,0.37263,4.645,14.068,308.38
2025-01-16 17:00:00,99296.17,3333.02,3.3076,209.07,1.837e-05,0.38154,4.7115,14.441,316.21
2025-01-16 18:00:00,99346.39,3340.4,3.3804,213.1,1.839e-05,0.38412,4.7371,14.408,316.1
2025-01-16 19:00:00,99838.55,3343.86,3.3514,214.47,1.842e-05,0.38807,4.9191,14.386,317.02
2025-01-16 20:00:00,99584.23,3325.96,3.3506,212.72,1.833e-05,0.38377,4.9043,14.268,313.16
2025-01-16 21:00:00,100417.2,3344.81,3.3494,214.2,1.846e-05,0.38644,5.0051,14.392,318.49
2025-01-16 22:00:00,100344.0,3337.34,3.292,213.24,1.838e-05,0.38402,4.9236,14.309,316.6
2025-01-16 23:00:00,100156.98,3320.08,3.2921,211.61,1.826e-05,0.38087,4.8804,14.223,313.43
2025-01-17 00:00:00,99838.25,3297.62,3.2251,209.78,1.806e-05,0.37608,4.7626,14.081,309.56
2025-01-17 01:00:00,99987.3,3308.04,3.245,211.15,1.813e-05,0.37649,4.749,14.098,311.25
2025-01-17 02:00:00,100120.58,3313.68,3.2746,210.9,1.827e-05,0.37738,4.7324,14.349,312.93
2025-01-17 03:00:00,101659.8,3386.3,3.2807,214.49,1.861e-05,0.38482,4.8365,14.732,322.61
2025-01-17 04:00:00,101100.0,3373.31,3.3455,213.0,1.863e-05,0.38542,4.8347,14.521,319.82
2025-01-17 05:00:00,101051.73,3361.01,3.3077,211.1,1.853e-05,0.3855,4.8071,14.567,318.31
2025-01-17 06:00:00,101481.28,3371.07,3.3088,212.9,1.861e-05,0.38667,4.8578,14.681,318.85
2025-01-17 07:00:00,101334.06,3366.7,3.3245,212.51,1.857e-05,0.38633,4.8112,14.741,319.38
2025-01-17 08:00:00,101409.0,3367.44,3.3418,212.59,1.854e-05,0.38668,4.8275,14.769,320.62
2025-01-17 09:00:00,101440.51,3373.14,3.3026,213.27,1.885e-05,0.39555,4.7815,14.769,322.64
2025-01-17 10:00:00,102136.0,3407.33,3.2663,216.28,1.959e-05,0.41451,4.8198,14.925,325.63
2025-01-17 11:00:00,101861.26,3404.12,3.2761,215.34,1.959e-05,0.41077,4.8003,14.952,326.72
2025-01-17 12:00:00,102321.54,3427.47,3.2932,217.29,1.998e-05,0.41453,4.894,14.958,328.11
2025-01-17 13:00:00,102237.6,3423.25,3.2989,218.77,1.989e-05,0.41137,4.9037,14.941,326.68
2025-01-17 14:00:00,102745.68,3407.64,3.239,220.33,1.961e-05,0.41004,4.9053,14.811,323.8
2025-01-17 15:00:00,102474.14,3402.0,3.2391,219.99,1.972e-05,0.40492,4.8325,14.754,324.3
2025-01-17 16:00:00,103379.23,3428.86,3.2549,219.28,1.988e-05,0.41327,4.9256,14.869,329.08
2025-01-17 17:00:00,104000.0,3421.8,3.1996,218.6,1.991e-05,0.41308,4.8822,14.939,327.5
2025-01-17 18:00:00,104972.81,3437.74,3.2423,220.82,2.011e-05,0.41578,4.9203,14.904,327.96
2025-01-17 19:00:00,104125.46,3414.41,3.1878,216.51,1.996e-05,0.41103,4.7847,14.741,324.3
2025-01-17 20:00:00,104835.68,3411.53,3.2042,216.5,2.005e-05,0.40899,4.7795,14.734,324.05
2025-01-17 21:00:00,105834.93,3432.1,3.2346,217.17,2.017e-05,0.41638,4.8073,14.903,326.76
2025-01-17 22:00:00,104692.7,3514.8,3.2663,220.33,2.035e-05,0.41726,4.9305,15.105,334.04
2025-01-17 23:00:00,104604.49,3473.58,3.2787,218.47,2.017e-05,0.41458,4.8949,15.006,332.84
2025-01-18 00:00:00,104410.4,3470.22,3.2689,219.22,2.028e-05,0.41116,4.8759,15.009,335.43
2025-01-18 01:00:00,104077.47,3473.64,3.2923,219.52,2.03e-05,0.41525,4.8381,14.98,335.16
2025-01-18 02:00:00,104656.87,3487.71,3.2511,219.95,2.079e-05,0.43061,4.9183,15.197,339.71
2025-01-18 03:00:00,104268.14,3466.31,3.2477,218.83,2.025e-05,0.42344,4.9073,14.927,336.24
2025-01-18 04:00:00,104327.99,3451.39,3.2714,222.04,2.015e-05,0.42749,4.8855,14.872,333.37
2025-01-18 05:00:00,103559.82,3384.08,3.2398,220.47,1.967e-05,0.41145,4.7918,14.446,325.67
2025-01-18 06:00:00,103599.27,3365.69,3.2039,228.46,1.934e-05,0.40228,4.7585,14.459,322.55
2025-01-18 07:00:00,102829.27,3294.0,3.0942,226.15,1.859e-05,0.38764,4.6313,14.112,314.27
2025-01-18 08:00:00,103440.39,3313.52,3.1485,236.28,1.903e-05,0.40043,4.7124,14.272,317.79
2025-01-18 09:00:00,102821.75,3287.64,3.1165,232.89,1.865e-05,0.39514,4.6899,14.057,313.35
2025-01-18 10:00:00,103271.99,3293.21,3.1349,238.79,1.876e-05,0.39911,4.6965,14.148,314.2
2025-01-18 11:00:00,103159.29,3270.97,3.1272,238.16,1.872e-05,0.39801,4.6763,14.046,312.29
2025-01-18 12:00:00,103184.64,3267.09,3.1047,243.17,1.882e-05,0.39627,4.6542,14.041,309.55
2025-01-18 13:00:00,103589.29,3311.63,3.1729,238.95,1.883e-05,0.39987,4.6853,14.319,315.65
2025-01-18 14:00:00,103457.34,3289.9,3.1684,243.4,1.882e-05,0.39812,4.6698,14.266,312.53
2025-01-18 15:00:00,104365.81,3323.38,3.2417,240.27,1.913e-05,0.40437,4.7382,14.471,318.66
2025-01-18 16:00:00,103993.02,3297.5,3.2,242.85,1.885e-05,0.3971,4.6867,14.193,313.69
2025-01-18 17:00:00,104568.96,3307.07,3.1771,257.75,1.872e-05,0.39757,4.7997,14.166,317.42
2025-01-18 18:00:00,103253.65,3253.9,3.1433,242.65,1.825e-05,0.38854,4.8151,13.979,310.13
2025-01-18 19:00:00,103826.16,3258.2,3.1557,252.11,1.825e-05,0.38877,4.8997,13.945,309.25
2025-01-18 20:00:00,104084.74,3264.77,3.1805,254.51,1.816e-05,0.39022,4.9295,13.958,309.53
2025-01-18 21:00:00,104382.0,3290.21,3.212,255.35,1.84e-05,0.3968,5.0614,14.122,315.57
2025-01-18 22:00:00,104035.42,3266.02,3.206,248.43,1.818e-05,0.39185,4.9833,14.001,311.09
2025-01-18 23:00:00,103888.96,3274.72,3.1988,252.59,1.823e-05,0.3907,5.0333,13.997,311.4
2025-01-19 00:00:00,104291.3,3280.47,3.2201,254.43,1.821e-05,0.39229,5.0033,14.04,313.03
2025-01-19 01:00:00,104556.23,3307.71,3.2697,261.97,1.845e-05,0.39641,5.004,14.171,315.5
2025-01-19 02:00:00,104108.01,3316.3,3.2684,256.6,1.845e-05,0.39997,4.9215,14.294,315.33
2025-01-19 03:00:00,104486.83,3353.3,3.28,255.57,1.872e-05,0.40166,4.9495,14.437,320.43
2025-01-19 04:00:00,104877.97,3353.4,3.2565,254.36,1.88e-05,0.40621,4.9236,14.323,322.63
2025-01-19 05:00:00,104984.01,3335.47,3.2509,255.6,1.857e-05,0.4001,4.8669,14.23,317.46
2025-01-19 06:00:00,105032.04,3283.51,3.1835,273.68,1.814e-05,0.39279,4.8542,14.009,311.27
2025-01-19 07:00:00,105116.51,3299.92,3.2039,266.37,1.814e-05,0.39792,4.8307,14.158,313.99
2025-01-19 08:00:00,105568.29,3283.44,3.2027,274.68,1.798e-05,0.39572,4.8714,13.992,308.59
2025-01-19 09:00:00,105167.11,3276.06,3.1818,271.52,1.767e-05,0.39243,4.9026,13.902,308.86
2025-01-19 10:00:00,104428.23,3221.9,3.1283,274.51,1.684e-05,0.3772,4.8215,13.51,299.14
2025-01-19 11:00:00,105299.81,3226.01,3.1361,274.01,1.69e-05,0.37772,4.8747,13.627,303.1
2025-01-19 12:00:00,104823.86,3174.7,3.1167,284.44,1.659e-05,0.37054,4.8337,13.476,301.45
2025-01-19 13:00:00,104363.24,3149.98,3.0541,286.23,1.561e-05,0.36289,4.7088,13.207,294.55
2025-01-19 14:00:00,104936.54,3205.9,3.1094,277.35,1.626e-05,0.3741,4.782,13.485,300.02
2025-01-19 15:00:00,104964.72,3276.99,3.135,282.81,1.66e-05,0.37831,4.8927,13.674,312.15
2025-01-19 16:00:00,105159.99,3381.15,3.1406,270.62,1.758e-05,0.38721,4.8999,14.294,331.2
2025-01-19 17:00:00,104936.35,3383.68,3.1478,270.58,1.732e-05,0.38809,4.879,14.215,330.91
2025-01-19 18:00:00,104963.11,3410.74,3.1469,268.94,1.736e-05,0.38773,4.8986,14.378,341.7
2025-01-19 19:00:00,105115.8,3442.38,3.1591,271.35,1.771e-05,0.39355,4.9532,14.541,347.19
2025-01-19 20:00:00,105042.9,3432.73,3.1683,272.21,1.773e-05,0.394,4.9579,14.553,345.63
2025-01-19 21:00:00,106200.0,3418.93,3.2242,269.5,1.783e-05,0.39632,5.0053,14.494,341.44
2025-01-19 22:00:00,106275.49,3377.66,3.1842,277.64,1.751e-05,0.39316,4.916,14.364,340.1
2025-01-19 23:00:00,103684.43,3233.0,3.0646,255.21,1.645e-05,0.37028,4.6981,13.562,318.98
2025-01-20 00:00:00,103414.0,3266.66,3.0508,252.94,1.643e-05,0.367,4.6417,13.589,317.49
2025-01-20 01:00:00,101331.57,3215.2,2.9586,252.4,1.604e-05,0.35839,4.5067,13.292,309.41
2025-01-20 02:00:00,99794.51,3170.91,2.93,236.06,1.516e-05,0.34715,4.3606,12.945,299.3
2025-01-20 03:00:00,100692.82,3201.01,2.9863,241.95,1.541e-05,0.3514,4.4073,13.093,299.61
2025-01-20 04:00:00,101926.56,3245.07,3.0868,232.02,1.552e-05,0.35983,4.4221,13.29,307.19
2025-01-20 05:00:00,101891.94,3272.3,3.1133,241.38,1.578e-05,0.36425,4.5016,13.373,312.11
2025-01-20 06:00:00,102232.34,3270.73,3.1021,243.66,1.574e-05,0.36352,4.5098,13.41,318.23
2025-01-20 07:00:00,102344.2,3291.33,3.1068,244.78,1.582e-05,0.36378,4.5245,13.464,322.5
2025-01-20 08:00:00,107482.36,3416.02,3.1733,257.83,1.697e-05,0.37753,4.7123,14.042,339.91
2025-01-20 09:00:00,107120.65,3382.58,3.2011,261.91,1.696e-05,0.37623,4.7468,14.21,354.3
2025-01-20 10:00:00,108320.0,3392.43,3.2668,269.49,1.714e-05,0.38181,4.7954,14.36,353.21
2025-01-20 11:00:00,108132.05,3364.01,3.255,262.78,1.701e-05,0.37748,4.7853,14.263,348.5
2025-01-20 12:00:00,107964.56,3353.42,3.3196,259.28,1.674e-05,0.37857,4.7584,14.088,345.24
2025-01-20 13:00:00,108239.19,3375.42,3.3262,260.6,1.692e-05,0.38262,4.7529,14.225,343.31
2025-01-20 14:00:00,106918.83,3304.02,3.2496,253.35,1.628e-05,0.37009,4.5867,13.863,332.1
2025-01-20 15:00:00,107956.31,3342.99,3.294,256.2,1.634e-05,0.37282,4.6466,14.122,348.96
2025-01-20 16:00:00,107866.65,3359.4,3.3538,257.39,1.638e-05,0.37511,4.6466,14.102,350.9
2025-01-20 17:00:00,104957.99,3335.91,3.2719,254.07,1.611e-05,0.36762,4.5699,13.942,347.11
2025-01-20 18:00:00,106670.37,3379.96,3.3123,256.48,1.649e-05,0.37491,4.6358,14.063,351.3
2025-01-20 19:00:00,102963.31,3292.98,3.1352,243.86,1.576e-05,0.35586,4.4011,13.437,332.3
2025-01-20 20:00:00,103930.66,3330.53,3.1899,249.27,1.615e-05,0.36345,4.4799,13.705,348.6
2025-01-20 21:00:00,103691.64,3343.49,3.1519,246.27,1.599e-05,0.35986,4.4116,13.773,355.42
2025-01-20 22:00:00,103647.16,3320.23,3.1547,245.34,1.599e-05,0.36357,4.4238,13.686,348.84
2025-01-20 23:00:00,102596.0,3284.97,3.0761,246.3,1.557e-05,0.35333,4.3733,13.476,341.79
2025-01-21 00:00:00,103607.99,3318.5,3.1445,250.11,1.595e-05,0.35956,4.4664,13.68,348.98
2025-01-21 01:00:00,102260.0,3283.99,3.1053,242.18,1.58e-05,0.35456,4.4181,13.523,337.48
2025-01-21 02:00:00,101187.75,3226.88,3.1339,235.31,1.537e-05,0.34462,4.3168,13.213,328.26
2025-01-21 03:00:00,101498.23,3250.62,3.0936,234.34,1.535e-05,0.3446,4.311,13.288,336.94
2025-01-21 04:00:00,102545.57,3257.94,3.1231,240.06,1.539e-05,0.34736,4.3792,13.391,346.5
2025-01-21 05:00:00,102936.01,3262.6,3.1035,237.87,1.538e-05,0.34757,4.3269,13.318,346.17
2025-01-21 06:00:00,102344.21,3247.15,3.0873,238.54,1.529e-05,0.34451,4.3671,13.253,340.82
2025-01-21 07:00:00,101365.98,3225.14,3.0382,232.46,1.509e-05,0.33864,4.2891,13.035,336.85
2025-01-21 08:00:00,102176.04,3241.99,3.0504,237.08,1.508e-05,0.34116,4.309,13.176,343.07
2025-01-21 09:00:00,101989.06,3254.7,3.0695,236.83,1.501e-05,0.34245,4.3036,13.223,341.58
2025-01-21 10:00:00,102466.82,3254.13,3.0785,239.38,1.493e-05,0.34328,4.3172,13.21,343.38
2025-01-21 11:00:00,102707.07,3276.66,3.0973,238.51,1.508e-05,0.34396,4.3567,13.327,355.54
2025-01-21 12:00:00,103160.85,3303.09,3.1068,239.55,1.536e-05,0.346,4.4467,13.554,366.15
2025-01-21 13:00:00,103758.25,3305.07,3.1112,239.44,1.556e-05,0.38474,4.4335,13.537,362.45
2025-01-21 14:00:00,104519.98,3307.19,3.1301,240.94,1.551e-05,0.37987,4.4598,13.554,367.04
2025-01-21 15:00:00,104457.08,3309.69,3.1359,241.35,1.556e-05,0.36948,4.4704,13.566,365.92
2025-01-21 16:00:00,103260.9,3289.42,3.1026,239.15,1.545e-05,0.37062,4.4317,13.426,359.87
2025-01-21 17:00:00,103942.99,3295.1,3.1216,240.92,1.561e-05,0.37967,4.4416,13.461,357.64
2025-01-21 18:00:00,104965.99,3313.85,3.1744,243.83,1.579e-05,0.38106,4.5033,13.561,360.85
2025-01-21 19:00:00,106173.27,3351.0,3.2249,249.12,1.63e-05,0.3834,4.6639,13.774,366.21
2025-01-21 20:00:00,106861.18,3345.75,3.2095,259.42,1.627e-05,0.38555,4.7495,13.754,373.48
2025-01-21 21:00:00,107031.34,3332.16,3.2008,253.41,1.609e-05,0.38443,4.7571,13.565,371.81
2025-01-21 22:00:00,106137.51,3314.39,3.1983,253.38,1.61e-05,0.38315,4.7667,13.507,372.17
2025-01-21 23:00:00,106772.23,3331.9,3.1837,253.76,1.598e-05,0.37711,4.712,13.55,370.95
2025-01-22 00:00:00,105996.01,3333.75,3.1705,249.38,1.597e-05,0.37331,4.7038,13.48,373.33
2025-01-22 01:00:00,106143.82,3327.55,3.1739,250.33,1.59e-05,0.37178,4.658,13.506,370.71
2025-01-22 02:00:00,105948.01,3361.54,3.1958,252.71,1.612e-05,0.37186,4.6387,13.595,368.85
2025-01-22 03:00:00,105800.0,3328.84,3.1931,252.12,1.571e-05,0.36911,4.5769,13.446,360.99
2025-01-22 04:00:00,105583.9,3343.76,3.1903,252.24,1.588e-05,0.37118,4.6413,13.534,362.72
2025-01-22 05:00:00,105600.01,3330.98,3.1768,254.11,1.599e-05,0.37155,4.6645,13.515,364.91
2025-01-22 06:00:00,105578.41,3331.96,3.1647,255.62,1.593e-05,0.3701,4.6815,13.507,363.61
2025-01-22 07:00:00,105689.15,3318.49,3.1605,256.04,1.586e-05,0.36774,4.6808,13.442,361.64
2025-01-22 08:00:00,105379.82,3309.39,3.1669,256.5,1.585e-05,0.3674,4.6223,13.447,359.12
2025-01-22 09:00:00,105084.77,3288.08,3.171,258.51,1.571e-05,0.36487,4.5658,13.306,356.92
2025-01-22 10:00:00,105270.03,3299.56,3.171,255.27,1.573e-05,0.36337,4.5821,13.307,360.66
2025-01-22 11:00:00,104984.82,3298.55,3.1695,253.75,1.574e-05,0.36405,4.5549,13.357,363.41
2025-01-22 12:00:00,105142.14,3308.09,3.1654,254.93,1.575e-05,0.36548,4.57,13.373,364.33
2025-01-22 13:00:00,105100.38,3326.55,3.2348,257.75,1.594e-05,0.36673,4.5798,13.426,360.36
2025-01-22 14:00:00,105275.87,3316.97,3.2262,259.08,1.582e-05,0.36619,4.5694,13.394,357.24
2025-01-22 15:00:00,104074.43,3284.15,3.1796,260.33,1.558e-05,0.36103,4.5374,13.222,355.58
2025-01-22 16:00:00,104393.67,3293.97,3.1759,256.09,1.561e-05,0.36197,4.5496,13.307,355.34
2025-01-22 17:00:00,104180.01,3278.39,3.1628,257.31,1.551e-05,0.36037,4.5858,13.241,353.28
2025-01-22 18:00:00,103704.65,3277.9,3.1661,257.29,1.553e-05,0.3607,4.6047,13.226,350.77
2025-01-22 19:00:00,104345.8,3285.4,3.1881,259.26,1.564e-05,0.36308,4.6134,13.258,353.31
2025-01-22 20:00:00,103896.01,3249.94,3.142,253.87,1.527e-05,0.35596,4.5382,13.045,349.12
2025-01-22 21:00:00,104630.0,3262.0,3.2242,265.29,1.539e-05,0.36038,4.5579,13.06,349.75
2025-01-22 22:00:00,104321.11,3256.6,3.2189,268.13,1.533e-05,0.35934,4.5503,13.04,350.76
2025-01-22 23:00:00,104086.95,3259.32,3.17,262.45,1.536e-05,0.35906,4.5106,12.993,349.77
2025-01-23 00:00:00,103866.79,3238.89,3.1656,260.07,1.511e-05,0.35965,4.4606,12.861,346.86
2025-01-23 01:00:00,103706.66,3242.61,3.1802,257.37,1.515e-05,0.36291,4.471,12.894,346.64
2025-01-23 02:00:00,103307.51,3253.62,3.1641,255.21,1.507e-05,0.36049,4.4347,12.865,343.5
2025-01-23 03:00:00,102931.94,3235.27,3.1525,253.18,1.487e-05,0.35712,4.3759,12.753,337.49
2025-01-23 04:00:00,102655.34,3223.13,3.1476,248.75,1.481e-05,0.3535,4.3808,12.657,336.42
2025-01-23 05:00:00,102461.24,3227.0,3.1521,248.84,1.48e-05,0.3519,4.3894,12.762,336.5
2025-01-23 06:00:00,102075.21,3197.51,3.114,246.58,1.471e-05,0.35029,4.3745,12.639,332.99
2025-01-23 07:00:00,102532.52,3215.0,3.1399,249.33,1.481e-05,0.3524,4.4314,12.687,337.05
2025-01-23 08:00:00,102256.71,3208.11,3.1226,247.57,1.482e-05,0.35285,4.3905,12.635,333.3
2025-01-23 09:00:00,102710.28,3233.48,3.1298,249.52,1.504e-05,0.354,4.3997,12.71,338.3
2025-01-23 10:00:00,102215.75,3210.06,3.1017,246.21,1.483e-05,0.34998,4.3464,12.546,334.11
2025-01-23 11:00:00,101672.0,3197.01,3.0927,247.08,1.48e-05,0.34941,4.3268,12.497,332.88
2025-01-23 12:00:00,101683.61,3204.0,3.0886,243.91,1.479e-05,0.34824,4.3039,12.44,332.94
2025-01-23 13:00:00,101944.5,3213.08,3.0852,244.19,1.491e-05,0.34859,4.3397,12.484,334.58
2025-01-23 14:00:00,101635.59,3203.75,3.0539,243.06,1.461e-05,0.34642,4.2915,12.456,332.09
2025-01-23 15:00:00,102512.28,3233.99,3.0855,246.79,1.492e-05,0.35084,4.3634,12.643,337.16
2025-01-23 16:00:00,105213.6,3275.55,3.1533,251.43,1.529e-05,0.35544,4.4282,12.842,342.49
2025-01-23 17:00:00,105263.52,3259.33,3.1351,249.4,1.519e-05,0.35408,4.3919,12.802,337.42
2025-01-23 18:00:00,105139.18,3254.72,3.1236,250.25,1.51e-05,0.35382,4.3769,12.785,336.76
2025-01-23 19:00:00,105927.78,3265.85,3.1258,252.25,1.516e-05,0.35452,4.3975,12.784,336.06
2025-01-23 20:00:00,105424.39,3241.09,3.0933,250.66,1.478e-05,0.34982,4.3176,12.625,331.71
2025-01-23 21:00:00,103770.05,3204.98,3.0801,246.84,1.441e-05,0.34627,4.2634,12.507,329.01
2025-01-23 22:00:00,103284.01,3247.17,3.0991,250.78,1.466e-05,0.35041,4.309,12.627,333.33
2025-01-23 23:00:00,103079.08,3248.56,3.0788,245.91,1.444e-05,0.34519,4.1908,12.523,328.69
2025-01-24 00:00:00,103978.82,3322.36,3.1201,251.62,1.523e-05,0.35277,4.3356,12.812,337.99
2025-01-24 01:00:00,103910.35,3338.22,3.1194,253.12,1.533e-05,0.35207,4.3023,12.811,337.41
2025-01-24 02:00:00,103446.62,3285.42,3.0799,252.74,1.49e-05,0.34766,4.2155,12.609,330.71
2025-01-24 03:00:00,103234.3,3298.49,3.0751,250.07,1.483e-05,0.34702,4.1844,12.62,331.13
2025-01-24 04:00:00,103016.0,3285.41,3.0552,248.69,1.466e-05,0.34395,4.1804,12.535,329.51
2025-01-24 05:00:00,103891.75,3302.26,3.1218,252.23,1.483e-05,0.3477,4.2409,12.638,334.8
2025-01-24 06:00:00,104631.98,3333.4,3.1608,255.3,1.52e-05,0.35325,4.3821,12.765,337.03
2025-01-24 07:00:00,105222.15,3409.97,3.1727,261.31,1.57e-05,0.35733,4.4194,13.119,349.41
2025-01-24 08:00:00,104991.01,3386.41,3.1502,263.62,1.548e-05,0.3568,4.4071,12.945,351.96
2025-01-24 09:00:00,105046.79,3380.79,3.1658,259.7,1.544e-05,0.35756,4.3789,12.91,348.35
2025-01-24 10:00:00,105500.76,3401.29,3.1797,264.29,1.555e-05,0.35991,4.4121,12.979,350.84
2025-01-24 11:00:00,105146.67,3401.38,3.1815,263.82,1.551e-05,0.35854,4.4109,12.934,347.79
2025-01-24 12:00:00,105416.75,3413.39,3.1955,264.18,1.571e-05,0.36407,4.4547,13.034,351.49
2025-01-24 13:00:00,105420.11,3399.21,3.1975,266.83,1.579e-05,0.36279,4.4421,13.032,351.45
2025-01-24 14:00:00,105526.58,3404.0,3.1927,265.3,1.586e-05,0.36244,4.4395,13.094,353.44
2025-01-24 15:00:00,105118.06,3395.0,3.1799,266.88,1.58e-05,0.36224,4.424,13.029,350.94
2025-01-24 16:00:00,105758.0,3399.67,3.1817,268.18,1.59e-05,0.3614,4.427,12.965,349.97
2025-01-24 17:00:00,105859.99,3383.64,3.1651,262.28,1.574e-05,0.35992,4.4135,12.881,348.84
2025-01-24 18:00:00,105645.88,3380.2,3.1516,261.91,1.563e-05,0.35838,4.4117,12.806,351.27
2025-01-24 19:00:00,106458.47,3397.88,3.1504,264.52,1.583e-05,0.36026,4.4228,12.861,352.46
2025-01-24 20:00:00,106327.31,3381.49,3.1472,262.81,1.569e-05,0.35868,4.4169,12.776,349.91
2025-01-24 21:00:00,105760.93,3368.7,3.1419,262.06,1.559e-05,0.35742,4.3939,12.702,351.05
2025-01-24 22:00:00,104859.4,3329.29,3.1052,257.34,1.528e-05,0.35248,4.255,12.508,340.62
2025-01-24 23:00:00,105124.61,3329.9,3.1087,257.6,1.52e-05,0.35276,4.1965,12.586,340.58
2025-01-25 00:00:00,104777.25,3325.72,3.0949,254.52,1.507e-05,0.35038,4.1941,12.493,336.22
2025-01-25 01:00:00,104870.51,3310.1,3.1008,253.36,1.495e-05,0.35086,4.2017,12.465,334.98
2025-01-25 02:00:00,104419.58,3273.97,3.0988,248.25,1.461e-05,0.34547,4.1301,12.278,331.16
2025-01-25 03:00:00,104738.01,3294.54,3.1207,251.87,1.487e-05,0.34953,4.1728,12.356,336.94
2025-01-25 04:00:00,104559.54,3295.0,3.1186,250.36,1.5e-05,0.35005,4.2291,12.361,335.88
2025-01-25 05:00:00,105202.4,3319.43,3.1336,252.73,1.515e-05,0.35351,4.2396,12.455,338.0
2025-01-25 06:00:00,104647.99,3300.05,3.1167,250.35,1.494e-05,0.35001,4.1941,12.309,333.7
2025-01-25 07:00:00,104365.96,3296.5,3.1082,248.75,1.502e-05,0.34995,4.1876,12.259,333.23
2025-01-25 08:00:00,104308.0,3292.51,3.1024,247.25,1.5e-05,0.34889,4.1663,12.194,332.99
2025-01-25 09:00:00,104385.99,3291.52,3.1087,247.27,1.495e-05,0.34854,4.133,12.165,331.25
2025-01-25 10:00:00,104341.99,3291.06,3.1018,249.12,1.498e-05,0.34848,4.1477,12.146,330.87
2025-01-25 11:00:00,104366.62,3283.69,3.0995,247.92,1.495e-05,0.34671,4.1334,12.097,330.94
2025-01-25 12:00:00,104540.0,3295.53,3.1003,248.74,1.504e-05,0.34853,4.152,12.133,331.81
2025-01-25 13:00:00,104670.99,3306.91,3.1145,249.97,1.516e-05,0.35046,4.1856,12.162,333.9
2025-01-25 14:00:00,104753.08,3306.17,3.1211,249.73,1.518e-05,0.35046,4.1745,12.186,332.99
2025-01-25 15:00:00,104717.05,3307.82,3.1143,250.34,1.517e-05,0.35035,4.1685,12.187,331.47
2025-01-25 16:00:00,104600.0,3315.84,3.1127,251.02,1.518e-05,0.35059,4.1562,12.2,333.05
2025-01-25 17:00:00,104897.79,3334.62,3.1413,253.68,1.533e-05,0.35624,4.1855,12.287,334.97
2025-01-25 18:00:00,104654.91,3342.28,3.128,255.84,1.524e-05,0.35552,4.1645,12.226,331.7
2025-01-25 19:00:00,104899.72,3344.16,3.1193,257.88,1.526e-05,0.35495,4.1621,12.204,330.8
2025-01-25 20:00:00,104983.5,3342.19,3.1247,258.61,1.531e-05,0.35567,4.1645,12.185,328.23
2025-01-25 21:00:00,105055.16,3340.29,3.1253,258.49,1.527e-05,0.3564,4.1546,12.163,328.71
2025-01-25 22:00:00,104965.71,3337.04,3.1203,257.98,1.524e-05,0.35722,4.151,12.158,328.05
2025-01-25 23:00:00,105102.84,3339.43,3.1364,258.21,1.527e-05,0.35917,4.1631,12.162,328.85
2025-01-26 00:00:00,105077.54,3334.42,3.1236,259.01,1.52e-05,0.3574,4.1664,12.137,328.6
2025-01-26 01:00:00,104746.86,3318.76,3.1079,256.4,1.504e-05,0.35351,4.13,12.093,326.45
2025-01-26 02:00:00,104599.95,3321.01,3.1207,256.05,1.51e-05,0.35421,4.1797,12.118,327.91
2025-01-26 03:00:00,104621.37,3331.18,3.1293,254.92,1.504e-05,0.3545,4.1462,12.11,326.78
2025-01-26 04:00:00,104696.25,3328.4,3.1187,255.43,1.488e-05,0.35322,4.1531,12.076,326.55
2025-01-26 05:00:00,105062.41,3338.95,3.135,258.43,1.504e-05,0.35473,4.1824,12.216,330.1
2025-01-26 06:00:00,105174.28,3352.27,3.1322,258.74,1.513e-05,0.3557,4.2084,12.374,334.52
2025-01-26 07:00:00,105094.13,3342.32,3.1304,257.75,1.504e-05,0.3542,4.1799,12.311,330.75
2025-01-26 08:00:00,104990.75,3341.85,3.1322,258.22,1.498e-05,0.35406,4.1819,12.223,330.41
2025-01-26 09:00:00,104998.36,3338.57,3.142,258.95,1.501e-05,0.35468,4.1701,12.185,329.9
2025-01-26 10:00:00,105030.4,3332.08,3.1346,256.45,1.495e-05,0.35348,4.1495,12.143,328.9
2025-01-26 11:00:00,104630.02,3298.5,3.115,254.89,1.482e-05,0.35046,4.136,11.97,324.94
2025-01-26 12:00:00,104715.29,3305.99,3.1247,253.69,1.489e-05,0.3504,4.1534,11.954,327.6
2025-01-26 13:00:00,104818.68,3312.3,3.1303,255.58,1.496e-05,0.35181,4.1573,12.029,328.77
2025-01-26 14:00:00,104890.0,3307.76,3.1257,256.98,1.494e-05,0.35186,4.1518,12.009,327.14
2025-01-26 15:00:00,104961.74,3307.85,3.1204,255.22,1.497e-05,0.35136,4.144,11.949,326.96
2025-01-26 16:00:00,104944.0,3311.09,3.1168,255.07,1.494e-05,0.35192,4.1337,11.988,327.83
2025-01-26 17:00:00,104967.02,3315.31,3.1152,254.59,1.49e-05,0.35106,4.1242,11.954,329.47
2025-01-26 18:00:00,104938.01,3315.83,3.1182,255.35,1.488e-05,0.35154,4.1195,11.98,330.62
2025-01-26 19:00:00,104945.12,3338.03,3.12,256.21,1.498e-05,0.35296,4.1424,12.054,332.21
2025-01-26 20:00:00,105175.11,3337.17,3.1322,256.75,1.502e-05,0.35334,4.1477,12.079,333.62
2025-01-26 21:00:00,105081.64,3338.73,3.131,256.29,1.508e-05,0.35306,4.1162,12.034,334.14
2025-01-26 22:00:00,104949.99,3329.68,3.1259,253.5,1.491e-05,0.35103,4.0794,11.952,329.01
2025-01-26 23:00:00,104557.19,3296.45,3.0975,249.21,1.462e-05,0.34635,3.9918,11.778,324.94
2025-01-27 00:00:00,104330.21,3288.16,3.0813,247.15,1.454e-05,0.3437,4.0094,11.723,324.8
2025-01-27 01:00:00,102620.01,3232.61,3.0222,240.49,1.402e-05,0.33604,3.8701,11.429,316.52
2025-01-27 02:00:00,101728.0,3214.13,2.9894,237.59,1.352e-05,0.3319,3.8167,11.412,311.45
2025-01-27 03:00:00,101308.29,3195.58,2.9806,235.82,1.336e-05,0.32936,3.7512,11.239,306.42
2025-01-27 04:00:00,100999.99,3170.82,2.9776,234.99,1.314e-05,0.32703,3.7251,11.063,302.47
2025-01-27 05:00:00,101395.64,3183.6,3.0047,235.81,1.321e-05,0.32997,3.7985,11.02,305.68
2025-01-27 06:00:00,100410.04,3157.14,2.9617,231.04,1.3e-05,0.32329,3.7076,10.834,300.84
2025-01-27 07:00:00,100374.07,3140.94,2.9355,232.05,1.284e-05,0.32187,3.6965,10.708,300.16
2025-01-27 08:00:00,98956.31,3084.06,2.8564,227.28,1.262e-05,0.31498,3.6195,10.561,296.88
2025-01-27 09:00:00,99048.01,3070.8,2.8104,227.52,1.263e-05,0.31517,3.5884,10.638,297.02
2025-01-27 10:00:00,99043.78,3066.01,2.7929,225.55,1.242e-05,0.31338,3.5352,10.473,294.33
2025-01-27 11:00:00,99424.37,3080.49,2.8279,226.41,1.252e-05,0.31483,3.6153,10.598,296.34
2025-01-27 12:00:00,98392.74,3038.4,2.762,222.04,1.228e-05,0.30898,3.5367,10.403,290.11
2025-01-27 13:00:00,98761.12,3058.94,2.7886,225.84,1.244e-05,0.31196,3.5791,10.5,293.82
2025-01-27 14:00:00,100619.68,3103.13,2.8779,231.19,1.277e-05,0.32066,3.7043,10.737,299.89
2025-01-27 15:00:00,100483.98,3099.33,2.8686,231.1,1.266e-05,0.31977,3.7078,10.724,297.92
2025-01-27 16:00:00,101920.88,3137.51,2.9527,237.01,1.299e-05,0.32686,3.83,10.98,303.65
2025-01-27 17:00:00,101112.03,3133.39,2.9566,233.67,1.288e-05,0.32643,3.8229,10.871,301.5
2025-01-27 18:00:00,99744.0,3084.01,2.9247,228.92,1.249e-05,0.32137,3.7752,10.691,302.97
2025-01-27 19:00:00,99150.01,3072.7,2.9136,227.17,1.256e-05,0.32064,3.7292,10.557,296.41
2025-01-27 20:00:00,99180.0,3054.82,2.891,224.83,1.239e-05,0.31887,3.6957,10.481,292.06
2025-01-27 21:00:00,99700.01,3075.93,2.9159,226.54,1.248e-05,0.32169,3.7783,10.578,294.36
2025-01-27 22:00:00,101386.11,3145.37,3.001,234.39,1.304e-05,0.33047,3.9567,10.936,304.46
2025-01-27 23:00:00,101349.67,3159.26,3.013,233.95,1.302e-05,0.32938,3.9422,10.923,303.41
2025-01-28 00:00:00,101637.18,3170.95,3.035,234.91,1.304e-05,0.33103,3.9784,10.921,302.55
2025-01-28 01:00:00,102082.83,3182.44,3.0552,234.9,1.312e-05,0.33398,3.9637,11.007,305.07
2025-01-28 02:00:00,101856.0,3167.29,3.0384,235.19,1.294e-05,0.3324,3.8978,10.909,301.26
2025-01-28 03:00:00,101382.66,3166.61,3.0196,234.38,1.31e-05,0.33306,3.8776,10.855,299.56
2025-01-28 04:00:00,102402.01,3192.83,3.0605,236.27,1.325e-05,0.33444,3.9439,10.943,301.51
2025-01-28 05:00:00,102636.32,3203.15,3.088,236.68,1.317e-05,0.33483,3.9283,10.998,302.86
2025-01-28 06:00:00,102901.45,3212.38,3.1196,239.78,1.322e-05,0.33675,3.9476,11.229,306.18
2025-01-28 07:00:00,103014.6,3212.95,3.1031,242.42,1.318e-05,0.33682,3.9729,11.268,304.37
2025-01-28 08:00:00,102744.39,3194.99,3.1013,239.62,1.302e-05,0.33418,3.925,11.12,300.94
2025-01-28 09:00:00,102789.72,3196.22,3.1053,238.74,1.303e-05,0.33433,3.9134,11.162,302.26
2025-01-28 10:00:00,102851.23,3198.4,3.1042,238.5,1.299e-05,0.33463,3.9082,11.167,300.72
2025-01-28 11:00:00,102955.99,3196.92,3.1014,238.18,1.291e-05,0.33437,3.8876,11.175,300.08
2025-01-28 12:00:00,102745.37,3194.39,3.1162,238.3,1.291e-05,0.33436,3.8624,11.243,300.12
2025-01-28 13:00:00,102762.02,3186.75,3.1371,238.25,1.29e-05,0.33354,3.8491,11.2,298.9
2025-01-28 14:00:00,102599.99,3174.99,3.1701,236.23,1.267e-05,0.33072,3.8026,11.164,295.82
2025-01-28 15:00:00,102597.37,3175.36,3.1487,236.66,1.282e-05,0.33178,3.8122,11.121,296.49
2025-01-28 16:00:00,102642.0,3172.32,3.1591,235.61,1.28e-05,0.33226,3.7806,11.072,295.59
2025-01-28 17:00:00,102777.99,3181.37,3.1858,237.49,1.274e-05,0.33322,3.8275,11.108,298.04
2025-01-28 18:00:00,102250.01,3150.8,3.1768,234.38,1.255e-05,0.3282,3.756,11.068,293.67
2025-01-28 19:00:00,102572.82,3167.62,3.1549,234.32,1.25e-05,0.32822,3.7681,11.267,293.05
2025-01-28 20:00:00,102205.78,3144.06,3.1371,231.13,1.224e-05,0.32378,3.7186,11.139,289.04
2025-01-28 21:00:00,102424.24,3147.31,3.1374,232.2,1.235e-05,0.32614,3.7203,11.261,291.34
2025-01-28 22:00:00,101264.02,3095.42,3.0787,228.1,1.209e-05,0.3209,3.6686,11.1,285.21
2025-01-28 23:00:00,100334.0,3053.5,3.0162,225.84,1.17e-05,0.31663,3.6306,10.948,282.79
2025-01-29 00:00:00,101265.63,3084.15,3.0749,227.09,1.153e-05,0.31875,3.6537,11.142,284.25
2025-01-29 01:00:00,101335.52,3077.72,3.0572,227.06,1.145e-05,0.31872,3.6535,11.137,284.14
2025-01-29 02:00:00,101702.6,3110.15,3.0761,228.71,1.173e-05,0.32272,3.6528,11.318,284.2
2025-01-29 03:00:00,101845.02,3110.78,3.068,229.66,1.207e-05,0.32465,3.7095,11.411,288.1
2025-01-29 04:00:00,101795.41,3114.1,3.0653,230.09,1.219e-05,0.32679,3.6951,11.296,287.23
2025-01-29 05:00:00,102038.21,3130.43,3.0843,231.2,1.218e-05,0.3278,3.7045,11.603,291.64
2025-01-29 06:00:00,102001.06,3124.32,3.0928,230.97,1.214e-05,0.32685,3.7253,11.628,294.03
2025-01-29 07:00:00,102262.0,3131.0,3.1197,230.88,1.226e-05,0.3277,3.74,11.739,297.95
2025-01-29 08:00:00,102801.64,3147.32,3.1174,233.82,1.267e-05,0.33254,3.7741,11.882,299.03
2025-01-29 09:00:00,102755.81,3156.88,3.1061,234.42,1.264e-05,0.33234,3.7747,11.903,300.44
2025-01-29 10:00:00,102732.03,3147.5,3.1024,233.79,1.261e-05,0.33043,3.7466,11.951,297.55
2025-01-29 11:00:00,102334.41,3130.32,3.0813,231.19,1.253e-05,0.3264,3.705,11.849,294.62
2025-01-29 12:00:00,102547.01,3137.7,3.0901,231.85,1.263e-05,0.3288,3.7404,11.984,295.14
2025-01-29 13:00:00,102646.0,3135.13,3.0867,231.98,1.274e-05,0.32767,3.7267,12.021,296.11
2025-01-29 14:00:00,102229.85,3118.71,3.0639,228.57,1.253e-05,0.32573,3.6827,11.914,293.11
2025-01-29 15:00:00,101836.23,3102.5,3.0582,227.17,1.227e-05,0.3236,3.6322,11.826,289.19
2025-01-29 16:00:00,102029.94,3096.62,3.0618,227.78,1.229e-05,0.32418,3.6309,11.699,288.99
2025-01-29 17:00:00,101980.78,3101.11,3.0649,228.41,1.237e-05,0.32428,3.6628,11.672,289.71
2025-01-29 18:00:00,102092.0,3086.09,3.0403,226.88,1.235e-05,0.32375,3.673,11.531,287.9
2025-01-29 19:00:00,102406.97,3111.6,3.0418,228.92,1.245e-05,0.32507,3.712,11.67,290.35
2025-01-29 20:00:00,102854.14,3127.94,3.0655,230.98,1.264e-05,0.32776,3.7881,11.765,293.77
2025-01-29 21:00:00,103584.0,3126.49,3.0725,231.68,1.266e-05,0.32835,3.7843,11.807,294.54
2025-01-29 22:00:00,104193.92,3136.56,3.0967,234.52,1.284e-05,0.32995,3.8366,11.868,296.12
2025-01-29 23:00:00,103741.11,3140.6,3.091,234.66,1.299e-05,0.32976,3.8188,11.934,297.98
2025-01-30 00:00:00,103492.07,3132.45,3.0795,231.68,1.27e-05,0.32757,3.7631,11.808,293.97
2025-01-30 01:00:00,103733.25,3113.9,3.0683,228.16,1.24e-05,0.32405,3.6985,11.731,291.0
2025-01-30 02:00:00,104026.05,3124.42,3.0795,231.33,1.249e-05,0.32696,3.7476,11.819,292.47
2025-01-30 03:00:00,104264.15,3138.39,3.1009,234.49,1.262e-05,0.32926,3.7876,11.882,294.98
2025-01-30 04:00:00,104663.19,3155.36,3.1089,237.6,1.266e-05,0.33142,3.8675,11.986,296.77
2025-01-30 05:00:00,105196.0,3201.5,3.1216,240.25,1.293e-05,0.33306,4.0135,12.01,300.37
2025-01-30 06:00:00,105478.0,3196.83,3.1266,240.87,1.289e-05,0.33322,4.0255,12.076,302.96
2025-01-30 07:00:00,105375.7,3194.99,3.1166,240.34,1.283e-05,0.33224,4.0011,12.09,303.17
2025-01-30 08:00:00,105184.38,3186.11,3.1205,238.85,1.281e-05,0.33129,3.9998,11.981,302.62
2025-01-30 09:00:00,105132.07,3191.04,3.1086,238.9,1.279e-05,0.33107,4.1,11.911,302.95
2025-01-30 10:00:00,105060.01,3205.01,3.0991,239.68,1.294e-05,0.33057,4.1423,11.977,304.24
2025-01-30 11:00:00,105412.05,3221.55,3.1099,240.47,1.315e-05,0.33198,4.1848,12.09,307.95
2025-01-30 12:00:00,105345.41,3219.69,3.1034,241.48,1.309e-05,0.3321,4.1407,12.103,308.9
2025-01-30 13:00:00,105300.63,3222.71,3.102,241.77,1.31e-05,0.33232,4.1879,12.129,310.79
2025-01-30 14:00:00,105020.01,3220.0,3.0919,239.89,1.294e-05,0.33105,4.1298,12.0,308.33
2025-01-30 15:00:00,104879.99,3263.14,3.0982,240.94,1.304e-05,0.33313,4.1431,12.108,314.71
2025-01-30 16:00:00,105920.57,3271.23,3.12,242.14,1.34e-05,0.33718,4.1418,12.245,317.73
2025-01-30 17:00:00,105563.99,3255.3,3.1204,241.08,1.315e-05,0.33646,4.1377,12.088,315.94
2025-01-30 18:00:00,105696.96,3278.94,3.1232,243.2,1.33e-05,0.33488,4.1552,12.094,317.06
2025-01-30 19:00:00,105300.01,3272.6,3.1147,241.08,1.325e-05,0.3339,4.1376,12.148,318.2
2025-01-30 20:00:00,105578.96,3270.34,3.1233,241.09,1.311e-05,0.33475,4.1379,12.13,316.79
2025-01-30 21:00:00,105711.28,3271.6,3.1299,241.14,1.323e-05,0.33484,4.1524,12.189,320.26
2025-01-30 22:00:00,104907.1,3231.6,3.1188,238.63,1.291e-05,0.331,4.1352,12.038,314.66
2025-01-30 23:00:00,105048.89,3244.35,3.1275,240.51,1.297e-05,0.33174,4.1407,12.017,315.53
2025-01-31 00:00:00,105094.57,3260.88,3.1349,239.96,1.303e-05,0.33208,4.1642,12.013,317.33
2025-01-31 01:00:00,104722.94,3247.38,3.1276,238.3,1.294e-05,0.33154,4.1181,11.966,315.49
2025-01-31 02:00:00,104898.48,3270.5,3.1096,238.86,1.308e-05,0.33194,4.1586,12.057,318.75
2025-01-31 03:00:00,104729.95,3270.63,3.1066,237.72,1.309e-05,0.3313,4.1449,12.036,320.43
2025-01-31 04:00:00,104341.73,3247.6,3.0999,237.63,1.292e-05,0.32891,4.1488,11.882,317.3
2025-01-31 05:00:00,104344.46,3230.65,3.0929,235.95,1.289e-05,0.32799,4.1188,11.838,316.08
2025-01-31 06:00:00,104007.59,3216.61,3.0761,235.92,1.283e-05,0.32605,4.0722,11.806,312.71
2025-01-31 07:00:00,104319.87,3245.32,3.088,237.56,1.293e-05,0.32811,4.1747,11.903,318.48
2025-01-31 08:00:00,104511.03,3262.94,3.0897,237.78,1.297e-05,0.32899,4.2262,11.951,322.12
2025-01-31 09:00:00,104188.57,3241.63,3.0794,235.73,1.289e-05,0.32819,4.1643,11.863,319.67
2025-01-31 10:00:00,104028.79,3237.01,3.0645,235.12,1.283e-05,0.32652,4.1323,11.828,316.66
2025-01-31 11:00:00,104256.57,3266.4,3.081,235.73,1.296e-05,0.32775,4.1515,11.878,318.12
2025-01-31 12:00:00,104284.1,3269.67,3.0783,236.06,1.299e-05,0.32791,4.1742,11.88,316.5
2025-01-31 13:00:00,104736.01,3335.16,3.0982,238.77,1.352e-05,0.3313,4.2227,12.015,325.83
2025-01-31 14:00:00,104704.69,3350.7,3.0954,240.73,1.384e-05,0.33332,4.205,12.205,328.78
2025-01-31 15:00:00,104664.01,3354.67,3.0953,240.35,1.426e-05,0.33569,4.2262,12.214,326.66
2025-01-31 16:00:00,104443.99,3351.11,3.0831,236.5,1.414e-05,0.33243,4.1657,12.357,328.26
2025-01-31 17:00:00,105464.0,3427.65,3.0989,240.1,1.457e-05,0.33952,4.1972,12.683,338.35
2025-01-31 18:00:00,105081.86,3403.1,3.0906,238.72,1.462e-05,0.33825,4.1732,12.444,346.37
2025-01-31 19:00:00,104580.87,3375.87,3.0757,235.35,1.436e-05,0.33302,4.1281,12.285,338.18
2025-01-31 20:00:00,102627.29,3314.76,3.0316,230.4,1.384e-05,0.32638,4.0473,11.981,331.28
2025-01-31 21:00:00,102312.31,3339.07,3.0328,230.51,1.407e-05,0.32779,4.0497,12.007,338.25
2025-01-31 22:00:00,101680.02,3315.91,3.0194,230.01,1.403e-05,0.32639,4.1004,11.697,336.26
2025-01-31 23:00:00,102148.72,3319.12,3.0369,230.25,1.391e-05,0.32772,4.0893,11.892,339.15
2025-02-01 00:00:00,102261.29,3296.38,3.0386,231.2,1.378e-05,0.32816,4.1168,11.787,334.37
